Product_Key,Product_ID,Category,Subcategory,Brand,Unit_Price,Cost_Price,Stock_Status,Launch_Date
1,SKU000001,Electronics,Mobiles,BrandA,23342.22,12896.19,In-Stock,2025-12-22
2,SKU000002,Fashion,Kids,BrandD,977.79,707.64,In-Stock,2025-09-22
3,SKU000003,Fashion,Women,BrandC,2760.12,1565.23,In-Stock,2025-01-21
4,SKU000004,Fashion,Men,BrandB,5578.1,3837.42,In-Stock,2025-06-14
5,SKU000005,Electronics,TV,BrandG,4433.97,2870.11,Low Stock,2025-09-12
6,SKU000006,Fashion,Men,BrandA,3450.42,2103.1,In-Stock,2025-11-26
7,SKU000007,Electronics,Mobiles,BrandD,22087.87,12869.28,In-Stock,2025-08-24
8,SKU000008,Electronics,Laptops,BrandA,13236.5,7422.0,In-Stock,2025-09-08
9,SKU000009,Electronics,TV,BrandD,33257.3,18302.87,In-Stock,2025-09-05
10,SKU000010,Home Goods,Appliances,BrandG,11094.95,6326.06,In-Stock,2025-08-26
11,SKU000011,Fashion,Women,BrandH,1058.72,695.26,In-Stock,2025-10-31
12,SKU000012,Fashion,Accessories,BrandE,3378.22,2683.91,In-Stock,2025-08-15
13,SKU000013,Fashion,Men,BrandC,1327.4,798.3,Out-of-Stock,2025-01-09
14,SKU000014,Home Goods,Bedding,BrandF,5979.34,4290.36,In-Stock,2025-03-14
15,SKU000015,Home Goods,Decor,BrandC,1386.01,1081.77,In-Stock,2025-10-22
16,SKU000016,Electronics,Laptops,BrandF,26938.48,16206.07,In-Stock,2025-11-16
17,SKU000017,Electronics,Mobiles,BrandB,29759.62,21343.03,In-Stock,2025-01-15
18,SKU000018,Electronics,Accessories,BrandB,10803.65,7056.59,In-Stock,2025-05-02
19,SKU000019,Fashion,Kids,BrandF,5552.1,3781.29,In-Stock,2025-03-16
20,SKU000020,Fashion,Accessories,BrandE,4103.54,2616.66,In-Stock,2025-02-08
21,SKU000021,Fashion,Men,BrandH,4432.75,2871.91,In-Stock,2025-02-28
22,SKU000022,Fashion,Accessories,BrandB,4035.48,2979.35,In-Stock,2025-05-16
23,SKU000023,Home Goods,Bedding,BrandB,2077.03,1157.28,In-Stock,2025-06-20
24,SKU000024,Fashion,Accessories,BrandE,5985.3,4743.79,In-Stock,2025-10-19
25,SKU000025,Fashion,Accessories,BrandF,4892.97,3439.32,In-Stock,2025-10-25
26,SKU000026,Electronics,TV,BrandD,22710.08,17859.13,In-Stock,2025-11-10
27,SKU000027,Electronics,Mobiles,BrandA,38409.56,26551.98,In-Stock,2025-08-11
28,SKU000028,Fashion,Women,BrandE,3117.57,2143.51,Out-of-Stock,2025-09-20
29,SKU000029,Fashion,Men,BrandD,4142.54,3313.92,In-Stock,2025-05-09
30,SKU000030,Home Goods,Kitchen,BrandG,16734.88,12402.44,In-Stock,2025-12-11
31,SKU000031,Electronics,Audio,BrandH,21624.61,12928.18,Low Stock,2025-12-08
32,SKU000032,Electronics,Audio,BrandC,21321.19,15656.5,In-Stock,2025-06-16
33,SKU000033,Electronics,Audio,BrandF,31018.7,23533.83,In-Stock,2025-11-27
34,SKU000034,Fashion,Women,BrandE,4812.11,3844.64,In-Stock,2025-01-30
35,SKU000035,Fashion,Men,BrandC,2887.71,2193.33,In-Stock,2025-03-28
36,SKU000036,Electronics,TV,BrandD,11975.57,7403.95,In-Stock,2025-06-16
37,SKU000037,Electronics,Laptops,BrandH,8461.35,6256.34,Low Stock,2025-08-20
38,SKU000038,Electronics,Accessories,BrandE,35869.0,26869.02,In-Stock,2025-06-17
39,SKU000039,Electronics,TV,BrandD,23625.53,15014.52,Low Stock,2025-09-06
40,SKU000040,Electronics,Audio,BrandA,36317.55,26694.56,In-Stock,2025-08-15
41,SKU000041,Electronics,Laptops,BrandA,38635.14,28166.18,In-Stock,2025-12-25
42,SKU000042,Home Goods,Decor,BrandG,24840.47,16783.72,Low Stock,2025-01-03
43,SKU000043,Home Goods,Decor,BrandB,9876.14,5457.35,In-Stock,2025-07-16
44,SKU000044,Electronics,Laptops,BrandF,37188.03,21619.82,Low Stock,2025-05-09
45,SKU000045,Electronics,Laptops,BrandH,32549.45,21892.32,In-Stock,2025-05-31
46,SKU000046,Home Goods,Bedding,BrandH,6196.41,3986.89,In-Stock,2025-06-08
47,SKU000047,Fashion,Women,BrandE,5429.11,4265.15,Out-of-Stock,2025-03-20
48,SKU000048,Electronics,Laptops,BrandD,20848.35,15177.56,Low Stock,2025-12-10
49,SKU000049,Home Goods,Appliances,BrandE,9322.18,5984.78,Low Stock,2025-03-03
50,SKU000050,Home Goods,Appliances,BrandG,7232.51,5362.17,In-Stock,2025-07-25
51,SKU000051,Fashion,Accessories,BrandG,2955.66,1655.57,In-Stock,2025-07-22
52,SKU000052,Home Goods,Decor,BrandD,1060.73,681.4,Low Stock,2025-02-19
53,SKU000053,Electronics,Laptops,BrandH,9966.75,7894.98,In-Stock,2025-10-16
54,SKU000054,Fashion,Men,BrandA,2774.08,1917.38,In-Stock,2025-07-18
55,SKU000055,Fashion,Men,BrandC,2968.62,1880.31,Low Stock,2025-10-31
56,SKU000056,Fashion,Women,BrandG,3710.05,2833.12,In-Stock,2025-02-16
57,SKU000057,Fashion,Accessories,BrandB,880.25,643.13,In-Stock,2025-01-26
58,SKU000058,Home Goods,Bedding,BrandG,15331.35,9455.13,Low Stock,2025-07-10
59,SKU000059,Electronics,TV,BrandH,29466.03,21513.67,Low Stock,2025-11-09
60,SKU000060,Electronics,TV,BrandE,32379.67,23217.94,In-Stock,2025-02-08
61,SKU000061,Electronics,TV,BrandA,36628.05,23128.81,In-Stock,2025-02-12
62,SKU000062,Electronics,Mobiles,BrandE,36112.61,21652.17,Low Stock,2025-04-09
63,SKU000063,Electronics,Audio,BrandB,39896.6,24662.99,In-Stock,2025-08-18
64,SKU000064,Electronics,Audio,BrandG,7475.62,5719.26,In-Stock,2025-06-02
65,SKU000065,Fashion,Women,BrandH,2064.96,1601.8,In-Stock,2025-11-23
66,SKU000066,Home Goods,Kitchen,BrandE,14308.14,9677.71,In-Stock,2025-03-07
67,SKU000067,Fashion,Accessories,BrandC,2762.23,1622.23,In-Stock,2025-04-14
68,SKU000068,Fashion,Accessories,BrandB,5039.68,3489.95,In-Stock,2025-08-02
69,SKU000069,Fashion,Kids,BrandD,3056.65,1702.98,In-Stock,2025-02-17
70,SKU000070,Fashion,Women,BrandF,1319.73,998.3,In-Stock,2025-11-28
71,SKU000071,Fashion,Women,BrandA,4020.15,3208.03,In-Stock,2025-12-07
72,SKU000072,Fashion,Accessories,BrandF,3484.63,2302.83,In-Stock,2025-08-05
73,SKU000073,Electronics,Accessories,BrandA,16358.69,12563.51,In-Stock,2025-05-30
74,SKU000074,Fashion,Men,BrandF,5690.12,3702.67,In-Stock,2025-01-28
75,SKU000075,Electronics,Audio,BrandD,12486.26,8863.0,In-Stock,2025-01-15
76,SKU000076,Electronics,Mobiles,BrandD,29687.41,19051.02,In-Stock,2025-09-10
77,SKU000077,Fashion,Accessories,BrandB,2924.98,2251.71,In-Stock,2025-08-06
78,SKU000078,Electronics,Mobiles,BrandH,8884.93,5956.32,In-Stock,2025-07-17
79,SKU000079,Fashion,Men,BrandC,2801.95,2025.85,In-Stock,2025-03-25
80,SKU000080,Electronics,Laptops,BrandH,7530.69,4883.68,In-Stock,2025-02-15
81,SKU000081,Electronics,TV,BrandC,37914.43,28907.47,In-Stock,2025-04-02
82,SKU000082,Electronics,Audio,BrandG,4451.1,2631.15,In-Stock,2025-10-28
83,SKU000083,Electronics,Laptops,BrandD,42346.32,23396.53,In-Stock,2025-01-24
84,SKU000084,Electronics,Audio,BrandG,27064.32,18358.23,In-Stock,2025-11-29
85,SKU000085,Home Goods,Decor,BrandH,19359.7,11521.42,In-Stock,2025-06-11
86,SKU000086,Electronics,TV,BrandH,6417.17,4838.48,In-Stock,2025-05-30
87,SKU000087,Fashion,Men,BrandD,3037.62,2378.56,In-Stock,2025-04-21
88,SKU000088,Electronics,Laptops,BrandB,25663.33,14531.88,In-Stock,2025-01-12
89,SKU000089,Fashion,Kids,BrandA,4619.45,2618.17,In-Stock,2025-05-13
90,SKU000090,Electronics,TV,BrandD,42946.04,32082.04,In-Stock,2025-07-13
91,SKU000091,Electronics,TV,BrandD,35296.08,27730.64,In-Stock,2025-03-01
92,SKU000092,Home Goods,Kitchen,BrandB,3467.23,2139.99,In-Stock,2025-02-27
93,SKU000093,Electronics,Mobiles,BrandD,17852.14,11848.02,In-Stock,2025-09-03
94,SKU000094,Fashion,Men,BrandA,3908.37,2429.59,In-Stock,2025-02-25
95,SKU000095,Electronics,Audio,BrandB,37968.07,29876.9,In-Stock,2025-03-24
96,SKU000096,Electronics,TV,BrandD,29850.99,18427.81,In-Stock,2025-11-16
97,SKU000097,Fashion,Kids,BrandH,5605.03,4204.12,In-Stock,2025-12-30
98,SKU000098,Home Goods,Furniture,BrandC,14463.95,8907.03,In-Stock,2025-08-22
99,SKU000099,Fashion,Accessories,BrandH,1866.19,1280.15,Low Stock,2025-12-16
100,SKU000100,Fashion,Women,BrandH,5133.43,2976.73,In-Stock,2025-04-28
101,SKU000101,Home Goods,Bedding,BrandD,2388.41,1663.98,In-Stock,2025-09-16
102,SKU000102,Fashion,Men,BrandB,4818.5,3059.11,In-Stock,2025-05-26
103,SKU000103,Fashion,Footwear,BrandF,3258.71,2560.39,In-Stock,2025-05-09
104,SKU000104,Electronics,Accessories,BrandG,40169.05,26509.97,In-Stock,2025-12-20
105,SKU000105,Electronics,Accessories,BrandA,38112.1,28357.23,In-Stock,2025-12-04
106,SKU000106,Electronics,Mobiles,BrandA,1500.26,1193.62,In-Stock,2025-09-19
107,SKU000107,Electronics,Accessories,BrandF,42485.89,31650.61,Low Stock,2025-05-23
108,SKU000108,Electronics,Mobiles,BrandD,16757.91,10306.0,In-Stock,2025-11-21
109,SKU000109,Electronics,Laptops,BrandD,15334.49,8616.39,In-Stock,2025-01-20
110,SKU000110,Fashion,Accessories,BrandH,5068.2,3399.16,Low Stock,2025-01-10
111,SKU000111,Fashion,Women,BrandG,3511.93,2635.58,In-Stock,2025-12-16
112,SKU000112,Electronics,Laptops,BrandE,22571.17,15219.9,In-Stock,2025-06-05
113,SKU000113,Electronics,Accessories,BrandD,36202.88,21383.28,In-Stock,2025-02-05
114,SKU000114,Home Goods,Kitchen,BrandH,15365.51,10896.51,Low Stock,2025-02-13
115,SKU000115,Home Goods,Appliances,BrandB,20385.67,12784.58,In-Stock,2025-08-29
116,SKU000116,Fashion,Men,BrandA,3822.66,2268.31,In-Stock,2025-12-06
117,SKU000117,Electronics,Mobiles,BrandD,8249.93,6412.57,In-Stock,2025-11-15
118,SKU000118,Home Goods,Furniture,BrandG,4059.87,2436.01,In-Stock,2025-12-17
119,SKU000119,Fashion,Footwear,BrandH,450.93,338.7,In-Stock,2025-06-22
120,SKU000120,Fashion,Women,BrandG,2900.66,2161.67,In-Stock,2025-03-25
121,SKU000121,Home Goods,Kitchen,BrandC,14154.26,9926.32,In-Stock,2025-09-21
122,SKU000122,Electronics,Accessories,BrandA,4806.34,3052.04,In-Stock,2025-11-16
123,SKU000123,Fashion,Footwear,BrandE,3634.32,2458.6,Low Stock,2025-11-24
124,SKU000124,Fashion,Footwear,BrandE,5541.47,3554.95,In-Stock,2025-07-11
125,SKU000125,Home Goods,Bedding,BrandH,11364.37,7479.71,In-Stock,2025-05-10
126,SKU000126,Electronics,Laptops,BrandD,8952.43,7014.12,In-Stock,2025-02-25
127,SKU000127,Electronics,Audio,BrandD,43917.69,28596.03,Low Stock,2025-12-08
128,SKU000128,Electronics,Mobiles,BrandA,43469.35,26047.08,In-Stock,2025-02-22
129,SKU000129,Home Goods,Decor,BrandA,5368.41,4002.13,In-Stock,2025-04-15
130,SKU000130,Fashion,Men,BrandH,3738.77,2941.2,Low Stock,2025-08-03
131,SKU000131,Fashion,Accessories,BrandC,1521.6,1075.4,In-Stock,2025-04-16
132,SKU000132,Electronics,Mobiles,BrandB,22055.55,13843.05,Low Stock,2025-03-28
133,SKU000133,Electronics,Laptops,BrandB,17968.69,10732.49,In-Stock,2025-03-28
134,SKU000134,Home Goods,Appliances,BrandB,18768.29,10563.14,In-Stock,2025-03-24
135,SKU000135,Electronics,Laptops,BrandG,31833.34,22949.28,In-Stock,2025-10-26
136,SKU000136,Electronics,Mobiles,BrandD,15317.76,11866.59,In-Stock,2025-06-13
137,SKU000137,Home Goods,Appliances,BrandA,23472.69,15255.87,In-Stock,2025-01-19
138,SKU000138,Electronics,TV,BrandB,16761.21,11898.42,In-Stock,2025-09-26
139,SKU000139,Electronics,Accessories,BrandF,8986.16,6240.19,In-Stock,2025-05-21
140,SKU000140,Electronics,Audio,BrandD,26711.95,15405.24,In-Stock,2025-01-09
141,SKU000141,Electronics,Audio,BrandD,33163.18,20211.45,In-Stock,2025-12-24
142,SKU000142,Home Goods,Decor,BrandG,7392.17,5775.67,In-Stock,2025-10-14
143,SKU000143,Fashion,Women,BrandE,471.28,282.6,In-Stock,2025-04-18
144,SKU000144,Home Goods,Bedding,BrandF,23624.17,15472.77,In-Stock,2025-12-01
145,SKU000145,Fashion,Men,BrandA,4384.19,2864.34,In-Stock,2025-12-25
146,SKU000146,Fashion,Footwear,BrandB,808.25,571.45,In-Stock,2025-09-07
147,SKU000147,Fashion,Men,BrandD,696.56,428.85,In-Stock,2025-10-06
148,SKU000148,Fashion,Accessories,BrandE,802.72,625.4,In-Stock,2025-09-17
149,SKU000149,Fashion,Women,BrandF,5857.22,4371.37,In-Stock,2025-07-05
150,SKU000150,Home Goods,Kitchen,BrandD,17197.17,10390.02,In-Stock,2025-06-12
151,SKU000151,Fashion,Kids,BrandE,3951.46,2893.23,In-Stock,2025-04-09
152,SKU000152,Electronics,Laptops,BrandH,16480.16,11729.51,In-Stock,2025-05-15
153,SKU000153,Electronics,TV,BrandE,42177.25,27821.76,In-Stock,2025-04-11
154,SKU000154,Fashion,Accessories,BrandA,2385.02,1351.71,In-Stock,2025-02-07
155,SKU000155,Electronics,TV,BrandE,5834.65,3816.59,Low Stock,2025-11-30
156,SKU000156,Electronics,Mobiles,BrandC,6251.68,3516.34,Low Stock,2025-09-10
157,SKU000157,Electronics,Audio,BrandB,31290.81,18794.0,In-Stock,2025-09-05
158,SKU000158,Fashion,Men,BrandC,1544.03,1088.13,In-Stock,2025-11-20
159,SKU000159,Home Goods,Decor,BrandE,7629.52,5108.94,In-Stock,2025-09-28
160,SKU000160,Home Goods,Appliances,BrandD,10595.49,6375.8,In-Stock,2025-11-06
161,SKU000161,Fashion,Kids,BrandD,4098.85,2339.52,In-Stock,2025-03-14
162,SKU000162,Electronics,Audio,BrandH,29700.29,21997.92,Out-of-Stock,2025-04-11
163,SKU000163,Home Goods,Decor,BrandA,5907.59,4382.88,In-Stock,2025-07-03
164,SKU000164,Fashion,Men,BrandG,5148.37,3526.71,In-Stock,2025-11-10
165,SKU000165,Electronics,Audio,BrandA,25989.35,20234.6,In-Stock,2025-12-29
166,SKU000166,Electronics,Mobiles,BrandF,27883.78,22030.27,In-Stock,2025-02-12
167,SKU000167,Fashion,Women,BrandE,1268.17,916.21,Low Stock,2025-09-17
168,SKU000168,Fashion,Women,BrandH,4119.72,3096.01,In-Stock,2025-01-01
169,SKU000169,Fashion,Accessories,BrandG,1217.09,781.13,Out-of-Stock,2025-11-04
170,SKU000170,Home Goods,Appliances,BrandA,18302.12,10921.18,Low Stock,2025-04-03
171,SKU000171,Fashion,Men,BrandB,2010.84,1574.25,In-Stock,2025-01-25
172,SKU000172,Home Goods,Furniture,BrandA,20095.42,11695.78,In-Stock,2025-01-20
173,SKU000173,Fashion,Kids,BrandC,3573.95,2538.23,In-Stock,2025-04-04
174,SKU000174,Electronics,Accessories,BrandC,32956.3,22988.38,In-Stock,2025-01-05
175,SKU000175,Electronics,Mobiles,BrandE,17590.44,13213.56,Low Stock,2025-05-07
176,SKU000176,Home Goods,Decor,BrandA,15457.9,10602.96,In-Stock,2025-10-04
177,SKU000177,Electronics,Audio,BrandD,30558.04,21745.54,In-Stock,2025-12-09
178,SKU000178,Fashion,Women,BrandB,2071.46,1544.49,In-Stock,2025-10-29
179,SKU000179,Electronics,Audio,BrandG,7481.62,5438.06,Low Stock,2025-11-16
180,SKU000180,Home Goods,Appliances,BrandC,9910.1,6070.24,In-Stock,2025-04-08
181,SKU000181,Electronics,Laptops,BrandC,23218.61,18070.27,Low Stock,2025-04-26
182,SKU000182,Fashion,Women,BrandG,4950.55,3852.73,In-Stock,2025-03-19
183,SKU000183,Electronics,Mobiles,BrandC,20012.4,12672.66,In-Stock,2025-03-29
184,SKU000184,Fashion,Kids,BrandG,3215.66,1813.69,In-Stock,2025-02-20
185,SKU000185,Electronics,Laptops,BrandE,30763.93,22053.23,In-Stock,2025-05-15
186,SKU000186,Fashion,Women,BrandB,3610.67,2457.06,Low Stock,2025-05-17
187,SKU000187,Fashion,Footwear,BrandA,3851.7,2890.08,In-Stock,2025-12-17
188,SKU000188,Fashion,Footwear,BrandD,4775.82,2725.46,In-Stock,2025-04-10
189,SKU000189,Home Goods,Furniture,BrandH,20230.92,12532.75,In-Stock,2025-11-10
190,SKU000190,Fashion,Kids,BrandE,3711.09,2775.77,In-Stock,2025-06-17
191,SKU000191,Home Goods,Furniture,BrandD,17073.35,13148.24,In-Stock,2025-03-13
192,SKU000192,Electronics,Mobiles,BrandD,39120.63,21725.0,In-Stock,2025-01-03
193,SKU000193,Home Goods,Bedding,BrandF,8577.59,6062.78,In-Stock,2025-12-18
194,SKU000194,Home Goods,Decor,BrandB,24539.76,16281.55,Low Stock,2025-04-11
195,SKU000195,Electronics,Audio,BrandF,9271.92,5219.05,In-Stock,2025-12-11
196,SKU000196,Electronics,TV,BrandG,5740.01,4010.91,Low Stock,2025-11-09
197,SKU000197,Fashion,Accessories,BrandF,5012.79,3950.72,In-Stock,2025-07-23
198,SKU000198,Fashion,Men,BrandB,5721.34,4229.95,In-Stock,2025-04-02
199,SKU000199,Fashion,Kids,BrandC,2816.99,1883.31,Low Stock,2025-06-16
200,SKU000200,Fashion,Accessories,BrandE,4817.52,3571.62,In-Stock,2025-02-17
201,SKU000201,Electronics,Mobiles,BrandB,6198.13,3746.53,In-Stock,2025-06-29
202,SKU000202,Electronics,TV,BrandG,41908.57,25795.22,In-Stock,2025-05-26
203,SKU000203,Home Goods,Decor,BrandF,8964.19,6443.3,In-Stock,2025-01-17
204,SKU000204,Fashion,Footwear,BrandB,5746.03,4204.14,Out-of-Stock,2025-07-22
205,SKU000205,Electronics,Accessories,BrandD,44718.46,31082.79,In-Stock,2025-03-15
206,SKU000206,Electronics,Audio,BrandA,28559.89,18114.48,In-Stock,2025-01-13
207,SKU000207,Home Goods,Bedding,BrandA,873.53,639.74,In-Stock,2025-05-30
208,SKU000208,Electronics,TV,BrandD,44403.17,30845.98,Low Stock,2025-10-16
209,SKU000209,Fashion,Kids,BrandG,4749.28,3748.88,In-Stock,2025-08-24
210,SKU000210,Fashion,Men,BrandF,5627.6,3225.25,In-Stock,2025-02-12
211,SKU000211,Home Goods,Appliances,BrandF,9143.61,5476.25,In-Stock,2025-07-16
212,SKU000212,Home Goods,Kitchen,BrandE,3164.16,1803.41,In-Stock,2025-05-10
213,SKU000213,Home Goods,Appliances,BrandE,13188.16,7482.3,In-Stock,2025-01-22
214,SKU000214,Fashion,Footwear,BrandF,2335.43,1812.76,In-Stock,2025-02-07
215,SKU000215,Home Goods,Bedding,BrandE,16862.11,12236.65,In-Stock,2025-11-30
216,SKU000216,Home Goods,Appliances,BrandC,4824.3,3556.25,In-Stock,2025-04-21
217,SKU000217,Home Goods,Furniture,BrandG,3228.46,2445.82,In-Stock,2025-08-13
218,SKU000218,Electronics,Accessories,BrandC,43945.01,26757.25,In-Stock,2025-08-02
219,SKU000219,Electronics,TV,BrandE,29567.93,20223.52,In-Stock,2025-01-25
220,SKU000220,Home Goods,Bedding,BrandA,5188.65,3406.64,In-Stock,2025-03-19
221,SKU000221,Home Goods,Decor,BrandE,16157.83,10819.05,In-Stock,2025-04-25
222,SKU000222,Fashion,Women,BrandG,1958.3,1345.02,Low Stock,2025-03-29
223,SKU000223,Fashion,Accessories,BrandF,1790.98,1116.92,In-Stock,2025-07-03
224,SKU000224,Home Goods,Bedding,BrandH,23317.47,17886.56,In-Stock,2025-08-13
225,SKU000225,Electronics,Accessories,BrandD,27926.82,17818.75,In-Stock,2025-01-05
226,SKU000226,Electronics,TV,BrandH,28858.8,22624.13,In-Stock,2025-11-13
227,SKU000227,Fashion,Women,BrandB,3401.95,2166.72,In-Stock,2025-12-17
228,SKU000228,Fashion,Kids,BrandF,532.05,328.76,Low Stock,2025-08-17
229,SKU000229,Fashion,Men,BrandD,4979.5,2873.82,In-Stock,2025-07-22
230,SKU000230,Electronics,Audio,BrandD,32661.98,19937.23,In-Stock,2025-06-18
231,SKU000231,Fashion,Women,BrandC,4901.81,3306.41,In-Stock,2025-05-18
232,SKU000232,Home Goods,Kitchen,BrandA,7181.2,4091.17,In-Stock,2025-02-04
233,SKU000233,Home Goods,Furniture,BrandH,12326.81,8031.16,In-Stock,2025-07-04
234,SKU000234,Fashion,Accessories,BrandB,1279.48,863.64,Low Stock,2025-08-31
235,SKU000235,Home Goods,Bedding,BrandG,12749.32,8359.38,In-Stock,2025-08-31
236,SKU000236,Electronics,TV,BrandD,30582.35,18170.42,In-Stock,2025-10-18
237,SKU000237,Fashion,Footwear,BrandH,1993.27,1510.31,In-Stock,2025-11-27
238,SKU000238,Fashion,Footwear,BrandD,4061.45,2348.11,In-Stock,2025-12-26
239,SKU000239,Electronics,Laptops,BrandA,4959.39,2833.37,In-Stock,2025-05-11
240,SKU000240,Fashion,Men,BrandG,4330.31,3068.77,In-Stock,2025-07-26
241,SKU000241,Fashion,Women,BrandC,2175.93,1239.44,In-Stock,2025-07-23
242,SKU000242,Electronics,TV,BrandH,43941.96,30430.75,In-Stock,2025-07-15
243,SKU000243,Home Goods,Kitchen,BrandD,765.77,610.64,In-Stock,2025-11-05
244,SKU000244,Fashion,Men,BrandH,1339.99,973.3,In-Stock,2025-01-22
245,SKU000245,Fashion,Women,BrandH,4635.06,3332.17,Low Stock,2025-10-18
246,SKU000246,Fashion,Accessories,BrandF,4368.59,2657.09,Low Stock,2025-03-05
247,SKU000247,Fashion,Footwear,BrandG,2113.73,1509.35,In-Stock,2025-12-13
248,SKU000248,Electronics,TV,BrandH,40574.06,29966.92,Low Stock,2025-09-03
249,SKU000249,Electronics,Laptops,BrandH,4961.55,3142.81,In-Stock,2025-09-20
250,SKU000250,Fashion,Footwear,BrandE,2883.0,2065.51,In-Stock,2025-07-02
251,SKU000251,Fashion,Women,BrandE,1515.52,1022.17,In-Stock,2025-11-05
252,SKU000252,Fashion,Accessories,BrandH,3807.21,2557.92,In-Stock,2025-07-28
253,SKU000253,Fashion,Women,BrandE,2637.71,1550.98,In-Stock,2025-10-30
254,SKU000254,Electronics,Accessories,BrandB,14010.81,10618.1,In-Stock,2025-09-07
255,SKU000255,Electronics,Audio,BrandD,41471.96,30367.59,Low Stock,2025-03-12
256,SKU000256,Fashion,Kids,BrandF,2789.91,2075.01,In-Stock,2025-08-08
257,SKU000257,Electronics,Audio,BrandB,9772.36,7182.04,In-Stock,2025-04-21
258,SKU000258,Fashion,Women,BrandC,2120.36,1245.97,In-Stock,2025-10-25
259,SKU000259,Electronics,Laptops,BrandG,12330.17,7426.15,In-Stock,2025-11-01
260,SKU000260,Fashion,Women,BrandD,4163.18,3326.19,In-Stock,2025-04-05
261,SKU000261,Fashion,Men,BrandG,5540.04,3519.37,In-Stock,2025-12-02
262,SKU000262,Fashion,Footwear,BrandF,5478.12,3108.71,In-Stock,2025-06-25
263,SKU000263,Electronics,TV,BrandH,9286.98,6264.44,Low Stock,2025-08-31
264,SKU000264,Fashion,Footwear,BrandA,4111.78,2936.15,Low Stock,2025-02-02
265,SKU000265,Electronics,Laptops,BrandG,10273.55,7230.94,In-Stock,2025-07-28
266,SKU000266,Home Goods,Bedding,BrandA,13563.1,7999.01,In-Stock,2025-02-04
267,SKU000267,Electronics,TV,BrandG,3854.21,2177.84,In-Stock,2025-01-17
268,SKU000268,Fashion,Footwear,BrandA,5793.71,4102.04,In-Stock,2025-11-09
269,SKU000269,Fashion,Kids,BrandE,820.31,489.71,In-Stock,2025-10-12
270,SKU000270,Home Goods,Bedding,BrandG,22636.16,18001.13,Out-of-Stock,2025-01-02
271,SKU000271,Home Goods,Appliances,BrandD,5517.07,4070.11,In-Stock,2025-06-12
272,SKU000272,Electronics,Accessories,BrandD,13876.62,10263.74,In-Stock,2025-10-17
273,SKU000273,Fashion,Kids,BrandG,1399.09,1002.52,Low Stock,2025-05-18
274,SKU000274,Electronics,Accessories,BrandA,25944.88,18514.04,In-Stock,2025-07-28
275,SKU000275,Electronics,Accessories,BrandF,40742.9,26633.55,Low Stock,2025-09-12
276,SKU000276,Fashion,Footwear,BrandC,3570.84,2104.53,In-Stock,2025-06-17
277,SKU000277,Fashion,Footwear,BrandC,5102.81,2929.04,Low Stock,2025-01-11
278,SKU000278,Fashion,Accessories,BrandA,2468.11,1578.13,In-Stock,2025-07-04
279,SKU000279,Electronics,Accessories,BrandA,2835.77,2190.96,In-Stock,2025-06-04
280,SKU000280,Home Goods,Kitchen,BrandG,23230.55,17809.23,In-Stock,2025-12-02
281,SKU000281,Fashion,Women,BrandH,4108.07,3233.01,In-Stock,2025-07-25
282,SKU000282,Electronics,Laptops,BrandA,6595.87,3714.92,In-Stock,2025-01-19
283,SKU000283,Fashion,Kids,BrandG,357.6,273.0,In-Stock,2025-10-20
284,SKU000284,Electronics,Audio,BrandD,36850.43,21044.92,In-Stock,2025-03-20
285,SKU000285,Fashion,Footwear,BrandF,1251.16,944.32,In-Stock,2025-01-03
286,SKU000286,Electronics,Audio,BrandG,42769.35,26442.0,In-Stock,2025-10-14
287,SKU000287,Home Goods,Decor,BrandG,8694.58,5680.96,In-Stock,2025-11-12
288,SKU000288,Electronics,Audio,BrandB,31740.78,18224.09,In-Stock,2025-04-13
289,SKU000289,Electronics,Accessories,BrandA,6858.36,4124.44,In-Stock,2025-10-08
290,SKU000290,Electronics,TV,BrandA,17935.99,10505.28,In-Stock,2025-07-20
291,SKU000291,Electronics,Audio,BrandD,39501.23,27818.19,Out-of-Stock,2025-08-30
292,SKU000292,Home Goods,Kitchen,BrandA,15923.98,10159.47,In-Stock,2025-04-07
293,SKU000293,Electronics,Mobiles,BrandD,38306.93,29701.5,In-Stock,2025-02-01
294,SKU000294,Fashion,Women,BrandA,2368.42,1598.65,In-Stock,2025-02-21
295,SKU000295,Electronics,TV,BrandC,33728.01,23661.08,Low Stock,2025-02-02
296,SKU000296,Home Goods,Furniture,BrandC,7328.2,5281.94,In-Stock,2025-12-12
297,SKU000297,Electronics,Accessories,BrandB,8438.38,5567.85,In-Stock,2025-05-24
298,SKU000298,Fashion,Accessories,BrandD,4577.99,3018.79,In-Stock,2025-11-18
299,SKU000299,Electronics,Accessories,BrandE,30957.94,19508.74,In-Stock,2025-09-02
300,SKU000300,Electronics,Audio,BrandC,14037.55,9715.19,In-Stock,2025-09-30
301,SKU000301,Electronics,TV,BrandB,44663.64,30299.48,In-Stock,2025-07-13
302,SKU000302,Electronics,Laptops,BrandE,40416.19,28208.36,In-Stock,2025-10-23
303,SKU000303,Electronics,Mobiles,BrandA,32446.87,21913.12,In-Stock,2025-01-09
304,SKU000304,Electronics,Audio,BrandG,21244.05,13398.22,In-Stock,2025-04-18
305,SKU000305,Electronics,Accessories,BrandD,21614.73,16645.62,In-Stock,2025-09-05
306,SKU000306,Electronics,Mobiles,BrandD,23409.97,13936.4,In-Stock,2025-04-30
307,SKU000307,Electronics,Mobiles,BrandE,9741.95,7028.99,In-Stock,2025-05-13
308,SKU000308,Fashion,Accessories,BrandB,5210.23,3395.27,In-Stock,2025-09-06
309,SKU000309,Electronics,TV,BrandA,23782.51,14893.4,Low Stock,2025-01-30
310,SKU000310,Home Goods,Decor,BrandG,4286.06,2907.34,Low Stock,2025-03-17
311,SKU000311,Electronics,Audio,BrandB,31834.73,19715.76,In-Stock,2025-12-29
312,SKU000312,Fashion,Accessories,BrandF,1169.07,705.12,In-Stock,2025-07-26
313,SKU000313,Home Goods,Kitchen,BrandG,22427.42,15067.33,In-Stock,2025-04-11
314,SKU000314,Fashion,Footwear,BrandB,5540.81,4183.86,In-Stock,2025-03-09
315,SKU000315,Electronics,Accessories,BrandF,1857.86,1150.23,In-Stock,2025-01-19
316,SKU000316,Electronics,Accessories,BrandC,34811.92,20650.57,Low Stock,2025-06-28
317,SKU000317,Electronics,Accessories,BrandC,37400.16,29310.31,In-Stock,2025-06-11
318,SKU000318,Electronics,TV,BrandE,1638.91,1074.15,In-Stock,2025-02-16
319,SKU000319,Electronics,TV,BrandH,23355.48,16457.33,In-Stock,2025-03-08
320,SKU000320,Electronics,Accessories,BrandG,15637.92,10072.54,Low Stock,2025-01-25
321,SKU000321,Home Goods,Appliances,BrandE,1589.19,1146.33,In-Stock,2025-04-18
322,SKU000322,Electronics,Audio,BrandD,33223.49,19520.86,In-Stock,2025-08-31
323,SKU000323,Electronics,Mobiles,BrandE,17639.94,11379.08,In-Stock,2025-06-17
324,SKU000324,Home Goods,Bedding,BrandD,2428.63,1414.81,In-Stock,2025-09-03
325,SKU000325,Fashion,Footwear,BrandG,333.02,199.68,Low Stock,2025-03-28
326,SKU000326,Home Goods,Decor,BrandA,20401.91,14098.56,In-Stock,2025-05-15
327,SKU000327,Fashion,Footwear,BrandF,1882.84,1285.4,In-Stock,2025-11-16
328,SKU000328,Fashion,Women,BrandH,4820.17,3496.82,In-Stock,2025-12-18
329,SKU000329,Fashion,Women,BrandF,4301.98,3169.21,In-Stock,2025-03-25
330,SKU000330,Home Goods,Decor,BrandF,3013.75,2277.87,In-Stock,2025-01-06
331,SKU000331,Electronics,Audio,BrandE,22131.69,16498.42,In-Stock,2025-10-31
332,SKU000332,Fashion,Accessories,BrandA,1231.62,849.67,Low Stock,2025-04-07
333,SKU000333,Fashion,Accessories,BrandD,5668.38,4309.35,In-Stock,2025-05-26
334,SKU000334,Fashion,Men,BrandD,3040.19,1804.5,Low Stock,2025-09-14
335,SKU000335,Electronics,Accessories,BrandH,9623.52,6885.42,In-Stock,2025-02-28
336,SKU000336,Fashion,Accessories,BrandD,2460.16,1949.05,Low Stock,2025-01-12
337,SKU000337,Home Goods,Bedding,BrandH,6475.92,4730.31,In-Stock,2025-01-21
338,SKU000338,Fashion,Footwear,BrandA,2864.64,1617.7,Low Stock,2025-07-17
339,SKU000339,Fashion,Men,BrandE,2184.52,1496.32,In-Stock,2025-08-26
340,SKU000340,Electronics,Laptops,BrandG,43485.48,27231.87,In-Stock,2025-04-19
341,SKU000341,Electronics,Laptops,BrandE,35292.69,23402.99,In-Stock,2025-10-16
342,SKU000342,Fashion,Accessories,BrandF,3866.66,2426.2,In-Stock,2025-10-29
343,SKU000343,Fashion,Footwear,BrandF,792.51,517.05,In-Stock,2025-03-04
344,SKU000344,Electronics,Accessories,BrandF,22566.05,13268.44,In-Stock,2025-03-27
345,SKU000345,Home Goods,Decor,BrandH,4402.04,2836.0,In-Stock,2025-10-27
346,SKU000346,Electronics,Audio,BrandE,7004.3,4459.19,In-Stock,2025-02-12
347,SKU000347,Home Goods,Decor,BrandD,12392.16,9698.09,In-Stock,2025-05-27
348,SKU000348,Electronics,Mobiles,BrandD,2809.51,1966.1,Low Stock,2025-08-20
349,SKU000349,Fashion,Kids,BrandB,1007.14,688.03,Low Stock,2025-08-04
350,SKU000350,Fashion,Accessories,BrandC,3430.25,2587.25,In-Stock,2025-03-12
351,SKU000351,Fashion,Women,BrandD,2650.73,1566.5,In-Stock,2025-06-25
352,SKU000352,Electronics,Accessories,BrandE,39267.87,21933.55,In-Stock,2025-03-22
353,SKU000353,Fashion,Accessories,BrandE,4855.82,2889.27,In-Stock,2025-04-13
354,SKU000354,Fashion,Men,BrandD,676.72,523.21,In-Stock,2025-05-27
355,SKU000355,Fashion,Kids,BrandD,1356.7,996.9,Low Stock,2025-04-08
356,SKU000356,Fashion,Kids,BrandC,2462.28,1840.73,In-Stock,2025-09-08
357,SKU000357,Fashion,Kids,BrandA,3081.57,2312.52,Low Stock,2025-05-28
358,SKU000358,Fashion,Accessories,BrandC,1616.78,1010.89,Low Stock,2025-01-23
359,SKU000359,Fashion,Kids,BrandA,819.46,586.04,In-Stock,2025-08-17
360,SKU000360,Electronics,Mobiles,BrandE,5658.37,3739.49,In-Stock,2025-04-13
361,SKU000361,Fashion,Women,BrandH,5356.73,3072.06,In-Stock,2025-08-25
362,SKU000362,Home Goods,Kitchen,BrandA,3859.53,2490.91,Out-of-Stock,2025-09-14
363,SKU000363,Fashion,Accessories,BrandE,1146.09,889.82,In-Stock,2025-06-19
364,SKU000364,Fashion,Footwear,BrandH,2530.21,1631.25,In-Stock,2025-08-06
365,SKU000365,Fashion,Footwear,BrandF,5439.7,3405.82,In-Stock,2025-12-17
366,SKU000366,Electronics,Laptops,BrandA,17446.8,12105.48,In-Stock,2025-03-20
367,SKU000367,Home Goods,Decor,BrandH,3158.74,2440.76,Low Stock,2025-03-15
368,SKU000368,Home Goods,Kitchen,BrandB,20172.85,12657.34,In-Stock,2025-07-25
369,SKU000369,Electronics,Accessories,BrandH,12229.2,7078.83,In-Stock,2025-04-12
370,SKU000370,Electronics,Mobiles,BrandA,11198.79,6456.7,In-Stock,2025-09-01
371,SKU000371,Electronics,Laptops,BrandC,2441.8,1494.17,In-Stock,2025-12-18
372,SKU000372,Electronics,TV,BrandE,28055.07,21269.36,In-Stock,2025-08-05
373,SKU000373,Home Goods,Kitchen,BrandD,12545.89,9004.41,Out-of-Stock,2025-08-20
374,SKU000374,Fashion,Men,BrandG,2004.13,1121.62,In-Stock,2025-10-07
375,SKU000375,Electronics,TV,BrandD,8959.53,6660.17,In-Stock,2025-12-11
376,SKU000376,Electronics,TV,BrandG,36544.2,24879.98,In-Stock,2025-08-23
377,SKU000377,Electronics,Accessories,BrandH,15887.88,11423.24,Low Stock,2025-12-05
378,SKU000378,Electronics,Audio,BrandG,31267.89,20950.5,Low Stock,2025-03-09
379,SKU000379,Electronics,Audio,BrandA,10267.7,8118.76,Out-of-Stock,2025-04-28
380,SKU000380,Electronics,TV,BrandB,24351.3,15238.18,In-Stock,2025-09-02
381,SKU000381,Home Goods,Furniture,BrandD,4639.66,2754.72,In-Stock,2025-04-19
382,SKU000382,Fashion,Kids,BrandB,840.03,670.89,Out-of-Stock,2025-03-23
383,SKU000383,Electronics,Laptops,BrandD,43016.49,30490.75,In-Stock,2025-10-16
384,SKU000384,Electronics,Laptops,BrandB,43506.71,30849.91,In-Stock,2025-09-15
385,SKU000385,Fashion,Women,BrandA,1797.67,1319.75,In-Stock,2025-06-09
386,SKU000386,Fashion,Footwear,BrandH,2717.62,2113.25,Low Stock,2025-08-26
387,SKU000387,Electronics,TV,BrandH,43446.61,32025.71,In-Stock,2025-05-09
388,SKU000388,Fashion,Kids,BrandA,4594.9,2727.54,In-Stock,2025-04-19
389,SKU000389,Electronics,Laptops,BrandE,44223.29,24342.36,In-Stock,2025-03-30
390,SKU000390,Home Goods,Decor,BrandH,19364.55,15185.99,Low Stock,2025-04-17
391,SKU000391,Electronics,Mobiles,BrandD,41886.39,25272.3,In-Stock,2025-10-10
392,SKU000392,Electronics,Audio,BrandD,43175.29,25023.44,In-Stock,2025-02-26
393,SKU000393,Home Goods,Bedding,BrandB,2113.02,1365.64,In-Stock,2025-07-04
394,SKU000394,Home Goods,Appliances,BrandD,11436.98,7221.95,In-Stock,2025-03-31
395,SKU000395,Electronics,Laptops,BrandE,25866.87,17813.65,In-Stock,2025-12-19
396,SKU000396,Fashion,Women,BrandB,2157.29,1420.79,Low Stock,2025-01-13
397,SKU000397,Home Goods,Kitchen,BrandC,10774.6,6862.88,In-Stock,2025-06-19
398,SKU000398,Fashion,Kids,BrandE,3509.19,2657.82,Low Stock,2025-08-06
399,SKU000399,Electronics,Accessories,BrandB,23994.95,15906.91,In-Stock,2025-11-10
400,SKU000400,Electronics,Accessories,BrandE,38894.16,26534.68,In-Stock,2025-08-14
401,SKU000401,Fashion,Footwear,BrandE,2460.79,1403.12,In-Stock,2025-05-03
402,SKU000402,Home Goods,Appliances,BrandH,17673.93,12654.23,In-Stock,2025-05-19
403,SKU000403,Fashion,Footwear,BrandB,5667.67,3814.62,In-Stock,2025-11-29
404,SKU000404,Electronics,TV,BrandA,42003.19,28972.45,In-Stock,2025-12-09
405,SKU000405,Fashion,Footwear,BrandF,1183.22,914.67,In-Stock,2025-04-16
406,SKU000406,Fashion,Accessories,BrandE,4467.5,2940.5,In-Stock,2025-03-12
407,SKU000407,Electronics,Mobiles,BrandB,18417.61,14073.91,In-Stock,2025-05-14
408,SKU000408,Electronics,Laptops,BrandA,15075.51,10341.68,In-Stock,2025-02-01
409,SKU000409,Electronics,Audio,BrandA,2104.55,1300.56,In-Stock,2025-03-18
410,SKU000410,Home Goods,Furniture,BrandH,9178.77,6527.29,In-Stock,2025-11-19
411,SKU000411,Fashion,Accessories,BrandH,1881.0,1378.9,In-Stock,2025-01-17
412,SKU000412,Home Goods,Decor,BrandC,7156.19,4762.78,In-Stock,2025-07-01
413,SKU000413,Electronics,TV,BrandG,2683.12,1570.5,In-Stock,2025-10-22
414,SKU000414,Electronics,Accessories,BrandB,44315.68,24709.01,In-Stock,2025-10-28
415,SKU000415,Home Goods,Bedding,BrandF,10990.51,6485.34,In-Stock,2025-03-08
416,SKU000416,Electronics,Accessories,BrandF,21861.66,16054.89,In-Stock,2025-12-16
417,SKU000417,Electronics,Audio,BrandB,38795.79,26365.54,In-Stock,2025-04-15
418,SKU000418,Electronics,Laptops,BrandF,11268.33,8296.87,In-Stock,2025-01-31
419,SKU000419,Electronics,Accessories,BrandH,41200.03,26696.58,In-Stock,2025-01-01
420,SKU000420,Home Goods,Decor,BrandG,12656.96,8445.92,In-Stock,2025-04-21
421,SKU000421,Home Goods,Appliances,BrandA,23198.36,18521.78,In-Stock,2025-02-08
422,SKU000422,Fashion,Footwear,BrandB,1821.76,1256.87,Low Stock,2025-11-16
423,SKU000423,Fashion,Kids,BrandE,1721.4,1038.1,In-Stock,2025-05-29
424,SKU000424,Fashion,Kids,BrandB,3248.48,2404.89,In-Stock,2025-02-07
425,SKU000425,Fashion,Footwear,BrandA,5277.37,3357.08,In-Stock,2025-12-28
426,SKU000426,Fashion,Accessories,BrandH,2722.44,2075.93,In-Stock,2025-05-25
427,SKU000427,Electronics,Accessories,BrandA,13223.62,10277.01,In-Stock,2025-10-03
428,SKU000428,Fashion,Women,BrandF,5824.25,4053.29,In-Stock,2025-02-09
429,SKU000429,Fashion,Accessories,BrandH,714.64,495.08,In-Stock,2025-07-28
430,SKU000430,Fashion,Footwear,BrandA,5778.07,4154.84,In-Stock,2025-12-20
431,SKU000431,Home Goods,Furniture,BrandE,17649.27,14061.27,Low Stock,2025-09-14
432,SKU000432,Electronics,TV,BrandC,20144.1,11877.31,In-Stock,2025-07-26
433,SKU000433,Home Goods,Decor,BrandH,6897.37,4304.2,In-Stock,2025-08-25
434,SKU000434,Home Goods,Bedding,BrandB,5141.25,2978.72,Low Stock,2025-12-09
435,SKU000435,Electronics,Mobiles,BrandD,6664.48,4322.39,In-Stock,2025-02-27
436,SKU000436,Electronics,Laptops,BrandE,27251.95,19732.58,Low Stock,2025-05-28
437,SKU000437,Home Goods,Appliances,BrandA,2295.03,1792.48,In-Stock,2025-04-06
438,SKU000438,Fashion,Accessories,BrandG,5181.53,4015.99,In-Stock,2025-05-04
439,SKU000439,Electronics,Mobiles,BrandD,33540.75,22189.29,In-Stock,2025-02-02
440,SKU000440,Fashion,Men,BrandH,5676.69,3868.65,In-Stock,2025-02-12
441,SKU000441,Fashion,Men,BrandC,5314.02,3103.41,In-Stock,2025-10-28
442,SKU000442,Fashion,Footwear,BrandE,5773.06,4501.14,Out-of-Stock,2025-02-11
443,SKU000443,Electronics,TV,BrandE,26137.27,20331.51,In-Stock,2025-05-23
444,SKU000444,Fashion,Footwear,BrandH,5254.68,4199.98,In-Stock,2025-02-15
445,SKU000445,Fashion,Footwear,BrandD,2617.58,1932.14,In-Stock,2025-05-08
446,SKU000446,Home Goods,Bedding,BrandC,13694.76,10561.58,In-Stock,2025-10-28
447,SKU000447,Electronics,Accessories,BrandD,30694.69,20701.78,Out-of-Stock,2025-03-04
448,SKU000448,Electronics,TV,BrandC,7216.14,5439.32,In-Stock,2025-08-13
449,SKU000449,Electronics,Mobiles,BrandE,38891.7,28644.22,In-Stock,2025-03-10
450,SKU000450,Fashion,Footwear,BrandF,2539.8,1803.23,Low Stock,2025-11-12
451,SKU000451,Electronics,TV,BrandE,33463.92,21771.34,In-Stock,2025-04-09
452,SKU000452,Electronics,Mobiles,BrandE,43742.21,34393.21,Out-of-Stock,2025-02-08
453,SKU000453,Electronics,Audio,BrandH,25147.73,17326.61,In-Stock,2025-03-11
454,SKU000454,Electronics,Laptops,BrandH,3271.07,2427.96,In-Stock,2025-08-09
455,SKU000455,Fashion,Accessories,BrandH,886.06,532.24,In-Stock,2025-01-02
456,SKU000456,Home Goods,Decor,BrandF,1577.9,1074.04,In-Stock,2025-07-12
457,SKU000457,Electronics,TV,BrandG,39952.03,31257.8,In-Stock,2025-12-03
458,SKU000458,Electronics,Accessories,BrandF,11653.28,9248.87,In-Stock,2025-12-05
459,SKU000459,Fashion,Women,BrandD,2894.39,1612.07,In-Stock,2025-04-02
460,SKU000460,Electronics,TV,BrandG,30859.68,18042.94,In-Stock,2025-07-07
461,SKU000461,Electronics,Laptops,BrandG,13320.55,10488.37,In-Stock,2025-11-26
462,SKU000462,Home Goods,Kitchen,BrandF,22179.55,17725.93,In-Stock,2025-03-01
463,SKU000463,Electronics,Accessories,BrandG,7369.88,5404.21,Out-of-Stock,2025-03-23
464,SKU000464,Fashion,Footwear,BrandC,510.68,312.09,In-Stock,2025-06-17
465,SKU000465,Fashion,Footwear,BrandA,463.69,340.55,In-Stock,2025-04-22
466,SKU000466,Fashion,Women,BrandF,3232.4,2446.57,In-Stock,2025-06-03
467,SKU000467,Fashion,Men,BrandH,711.21,441.37,In-Stock,2025-12-02
468,SKU000468,Fashion,Men,BrandH,2186.93,1472.15,In-Stock,2025-08-01
469,SKU000469,Electronics,Mobiles,BrandC,25801.46,19148.98,In-Stock,2025-09-20
470,SKU000470,Home Goods,Bedding,BrandC,13819.17,10308.54,Low Stock,2025-07-29
471,SKU000471,Fashion,Men,BrandH,1041.81,687.87,In-Stock,2025-11-22
472,SKU000472,Electronics,Audio,BrandF,42277.68,31902.38,In-Stock,2025-01-25
473,SKU000473,Electronics,TV,BrandG,22934.31,15602.45,In-Stock,2025-05-20
474,SKU000474,Electronics,Mobiles,BrandF,6734.4,4167.47,Out-of-Stock,2025-07-10
475,SKU000475,Electronics,TV,BrandG,10098.86,6484.46,Out-of-Stock,2025-11-21
476,SKU000476,Electronics,Audio,BrandH,26154.68,19092.59,In-Stock,2025-03-24
477,SKU000477,Fashion,Accessories,BrandA,4821.67,2761.57,In-Stock,2025-03-20
478,SKU000478,Electronics,TV,BrandB,38340.38,26432.97,Low Stock,2025-10-17
479,SKU000479,Fashion,Women,BrandE,5996.0,4355.81,In-Stock,2025-10-24
480,SKU000480,Fashion,Women,BrandB,5932.85,3933.59,Out-of-Stock,2025-05-02
481,SKU000481,Fashion,Footwear,BrandB,1736.3,1200.5,In-Stock,2025-03-23
482,SKU000482,Fashion,Men,BrandH,5714.67,3528.42,Low Stock,2025-09-03
483,SKU000483,Electronics,Laptops,BrandE,25585.61,18505.8,Out-of-Stock,2025-11-01
484,SKU000484,Fashion,Men,BrandA,2058.72,1307.85,In-Stock,2025-12-03
485,SKU000485,Home Goods,Decor,BrandA,8087.09,6141.36,Low Stock,2025-08-04
486,SKU000486,Home Goods,Decor,BrandF,14285.0,8472.23,In-Stock,2025-09-04
487,SKU000487,Fashion,Kids,BrandG,4085.84,3009.49,In-Stock,2025-05-26
488,SKU000488,Home Goods,Furniture,BrandD,10853.12,6407.08,Low Stock,2025-03-02
489,SKU000489,Home Goods,Appliances,BrandG,24462.72,14643.64,In-Stock,2025-03-16
490,SKU000490,Fashion,Accessories,BrandC,3819.62,2675.75,Out-of-Stock,2025-12-23
491,SKU000491,Fashion,Women,BrandC,4935.23,3406.84,In-Stock,2025-11-30
492,SKU000492,Fashion,Men,BrandG,1488.15,995.23,In-Stock,2025-07-02
493,SKU000493,Fashion,Accessories,BrandD,1135.87,829.46,In-Stock,2025-02-09
494,SKU000494,Electronics,Accessories,BrandC,16781.39,11028.9,Low Stock,2025-05-10
495,SKU000495,Fashion,Women,BrandH,4373.27,2780.72,In-Stock,2025-02-03
496,SKU000496,Fashion,Kids,BrandH,1494.11,1152.46,In-Stock,2025-12-12
497,SKU000497,Fashion,Kids,BrandA,1125.07,754.0,In-Stock,2025-06-06
498,SKU000498,Electronics,Accessories,BrandE,32664.35,24357.07,In-Stock,2025-02-18
499,SKU000499,Electronics,TV,BrandC,38766.81,29078.24,Low Stock,2025-06-17
500,SKU000500,Electronics,Mobiles,BrandH,24258.56,14400.45,In-Stock,2025-09-18
501,SKU000501,Fashion,Kids,BrandE,794.3,465.13,In-Stock,2025-03-14
502,SKU000502,Home Goods,Bedding,BrandE,18944.52,11621.54,In-Stock,2025-11-20
503,SKU000503,Home Goods,Bedding,BrandE,6498.11,4510.38,In-Stock,2025-07-16
504,SKU000504,Fashion,Women,BrandG,4052.15,2400.29,In-Stock,2025-07-22
505,SKU000505,Electronics,Accessories,BrandB,37873.42,24615.7,In-Stock,2025-01-29
506,SKU000506,Fashion,Women,BrandG,4093.71,2717.92,In-Stock,2025-06-13
507,SKU000507,Home Goods,Appliances,BrandF,6804.68,4007.68,In-Stock,2025-11-28
508,SKU000508,Home Goods,Appliances,BrandE,10305.31,7602.67,In-Stock,2025-07-07
509,SKU000509,Electronics,Audio,BrandA,24845.45,16737.98,Low Stock,2025-08-08
510,SKU000510,Home Goods,Bedding,BrandE,22335.62,17283.41,In-Stock,2025-07-20
511,SKU000511,Fashion,Men,BrandA,4127.56,2730.02,In-Stock,2025-01-24
512,SKU000512,Home Goods,Appliances,BrandH,4717.78,3063.08,Low Stock,2025-05-21
513,SKU000513,Home Goods,Decor,BrandD,17217.68,11019.96,In-Stock,2025-02-09
514,SKU000514,Home Goods,Appliances,BrandF,7301.37,4188.69,Low Stock,2025-03-24
515,SKU000515,Electronics,Laptops,BrandD,26700.7,19653.04,In-Stock,2025-02-27
516,SKU000516,Home Goods,Appliances,BrandE,4871.71,3558.17,In-Stock,2025-05-04
517,SKU000517,Electronics,Laptops,BrandB,15680.14,12059.99,Out-of-Stock,2025-05-23
518,SKU000518,Fashion,Men,BrandE,4447.14,3323.5,In-Stock,2025-03-24
519,SKU000519,Home Goods,Bedding,BrandA,7429.12,5036.55,In-Stock,2025-06-28
520,SKU000520,Fashion,Accessories,BrandF,3070.94,2392.95,In-Stock,2025-10-01
521,SKU000521,Electronics,Laptops,BrandB,6957.24,4145.41,In-Stock,2025-10-15
522,SKU000522,Fashion,Kids,BrandF,4768.2,2681.38,In-Stock,2025-11-19
523,SKU000523,Fashion,Footwear,BrandC,3247.54,2023.97,In-Stock,2025-08-12
524,SKU000524,Electronics,Laptops,BrandC,26974.51,19656.01,Low Stock,2025-06-28
525,SKU000525,Electronics,TV,BrandF,20620.29,15452.48,In-Stock,2025-05-23
526,SKU000526,Electronics,TV,BrandE,26021.11,20190.43,In-Stock,2025-01-18
527,SKU000527,Home Goods,Furniture,BrandE,15793.24,10437.2,In-Stock,2025-03-22
528,SKU000528,Fashion,Footwear,BrandE,969.85,697.36,Low Stock,2025-08-06
529,SKU000529,Home Goods,Decor,BrandB,12284.88,6779.6,Out-of-Stock,2025-03-16
530,SKU000530,Fashion,Footwear,BrandB,2391.15,1782.54,Out-of-Stock,2025-10-05
531,SKU000531,Home Goods,Furniture,BrandD,19357.21,12651.16,Low Stock,2025-03-27
532,SKU000532,Home Goods,Bedding,BrandF,14867.99,10133.46,In-Stock,2025-07-10
533,SKU000533,Electronics,Mobiles,BrandG,36230.68,22247.91,In-Stock,2025-11-17
534,SKU000534,Home Goods,Kitchen,BrandE,1119.63,743.26,In-Stock,2025-04-13
535,SKU000535,Home Goods,Appliances,BrandB,19912.57,14658.05,In-Stock,2025-03-23
536,SKU000536,Electronics,Accessories,BrandF,27516.7,16854.24,In-Stock,2025-12-26
537,SKU000537,Electronics,Audio,BrandG,32668.2,25516.84,In-Stock,2025-11-25
538,SKU000538,Electronics,Audio,BrandB,20605.26,12473.12,Low Stock,2025-07-08
539,SKU000539,Home Goods,Furniture,BrandH,22814.38,15315.74,In-Stock,2025-01-03
540,SKU000540,Electronics,Mobiles,BrandF,28013.67,16620.28,In-Stock,2025-03-11
541,SKU000541,Electronics,TV,BrandD,22431.39,15803.32,In-Stock,2025-02-10
542,SKU000542,Home Goods,Kitchen,BrandH,3692.94,2465.31,Low Stock,2025-02-10
543,SKU000543,Electronics,Audio,BrandG,40669.43,25321.63,In-Stock,2025-02-05
544,SKU000544,Electronics,Mobiles,BrandC,22885.93,16706.34,Low Stock,2025-03-30
545,SKU000545,Fashion,Men,BrandA,827.73,567.15,Out-of-Stock,2025-01-02
546,SKU000546,Fashion,Kids,BrandH,2799.41,2122.09,In-Stock,2025-03-05
547,SKU000547,Fashion,Men,BrandB,4744.32,3590.6,In-Stock,2025-03-24
548,SKU000548,Fashion,Women,BrandC,5897.02,3642.43,Low Stock,2025-12-14
549,SKU000549,Fashion,Footwear,BrandH,936.69,600.16,In-Stock,2025-08-25
550,SKU000550,Electronics,Audio,BrandG,31157.92,24301.81,In-Stock,2025-08-20
551,SKU000551,Electronics,TV,BrandC,36149.64,25316.94,In-Stock,2025-07-14
552,SKU000552,Electronics,Accessories,BrandB,2622.01,1939.49,In-Stock,2025-04-24
553,SKU000553,Electronics,Accessories,BrandG,9191.03,5805.19,Low Stock,2025-11-13
554,SKU000554,Electronics,Audio,BrandA,9704.61,5830.35,In-Stock,2025-06-04
555,SKU000555,Home Goods,Decor,BrandD,4741.65,3407.78,In-Stock,2025-08-10
556,SKU000556,Fashion,Footwear,BrandH,1608.99,908.45,In-Stock,2025-05-15
557,SKU000557,Fashion,Women,BrandF,4958.92,3601.16,In-Stock,2025-07-22
558,SKU000558,Electronics,Mobiles,BrandF,20774.4,11712.43,In-Stock,2025-04-02
559,SKU000559,Electronics,TV,BrandF,18116.87,10500.22,Out-of-Stock,2025-12-13
560,SKU000560,Fashion,Men,BrandG,3703.4,2745.45,Low Stock,2025-09-20
561,SKU000561,Fashion,Kids,BrandD,4300.73,3193.42,Out-of-Stock,2025-01-20
562,SKU000562,Fashion,Men,BrandH,2397.5,1414.89,In-Stock,2025-04-16
563,SKU000563,Electronics,Mobiles,BrandD,23331.79,15700.94,Out-of-Stock,2025-07-17
564,SKU000564,Home Goods,Appliances,BrandA,17151.97,13356.73,In-Stock,2025-03-27
565,SKU000565,Electronics,Mobiles,BrandF,18890.44,11997.2,In-Stock,2025-12-08
566,SKU000566,Home Goods,Furniture,BrandC,17725.14,12129.66,In-Stock,2025-03-18
567,SKU000567,Electronics,TV,BrandD,29967.66,21678.19,In-Stock,2025-08-19
568,SKU000568,Home Goods,Kitchen,BrandD,21350.1,16431.09,In-Stock,2025-03-06
569,SKU000569,Fashion,Accessories,BrandD,5740.19,3691.43,In-Stock,2025-04-02
570,SKU000570,Home Goods,Furniture,BrandF,7639.59,5727.79,In-Stock,2025-01-17
571,SKU000571,Electronics,Laptops,BrandA,10187.85,6200.95,In-Stock,2025-05-05
572,SKU000572,Home Goods,Decor,BrandC,15051.87,8909.29,In-Stock,2025-06-28
573,SKU000573,Electronics,Laptops,BrandE,5661.39,3848.2,In-Stock,2025-07-17
574,SKU000574,Home Goods,Furniture,BrandB,14548.86,8965.2,In-Stock,2025-10-02
575,SKU000575,Home Goods,Kitchen,BrandC,10846.88,8654.91,Out-of-Stock,2025-03-12
576,SKU000576,Home Goods,Kitchen,BrandF,19268.8,11062.97,In-Stock,2025-10-25
577,SKU000577,Home Goods,Furniture,BrandF,10224.84,6005.26,In-Stock,2025-03-26
578,SKU000578,Fashion,Men,BrandC,3937.37,2914.86,Out-of-Stock,2025-03-27
579,SKU000579,Home Goods,Decor,BrandA,24952.19,17986.44,In-Stock,2025-05-28
580,SKU000580,Electronics,Laptops,BrandG,7943.42,5686.19,In-Stock,2025-06-06
581,SKU000581,Fashion,Accessories,BrandB,5837.31,4596.27,In-Stock,2025-12-12
582,SKU000582,Fashion,Men,BrandH,5533.81,4268.35,Out-of-Stock,2025-06-22
583,SKU000583,Fashion,Footwear,BrandF,3838.02,2687.73,In-Stock,2025-01-09
584,SKU000584,Fashion,Accessories,BrandB,4787.08,3320.54,In-Stock,2025-12-13
585,SKU000585,Fashion,Footwear,BrandD,4426.4,3442.06,Low Stock,2025-01-03
586,SKU000586,Electronics,TV,BrandA,27980.01,19106.72,Out-of-Stock,2025-12-02
587,SKU000587,Electronics,TV,BrandE,5925.78,4592.65,In-Stock,2025-01-30
588,SKU000588,Home Goods,Bedding,BrandA,20628.79,15126.31,In-Stock,2025-09-18
589,SKU000589,Fashion,Men,BrandH,4978.91,3765.15,In-Stock,2025-02-14
590,SKU000590,Fashion,Footwear,BrandG,1690.72,986.01,In-Stock,2025-05-27
591,SKU000591,Electronics,Mobiles,BrandH,9639.31,7255.78,In-Stock,2025-07-24
592,SKU000592,Electronics,Accessories,BrandB,5574.58,3909.55,In-Stock,2025-06-02
593,SKU000593,Electronics,Mobiles,BrandF,8858.58,5177.68,Low Stock,2025-02-22
594,SKU000594,Fashion,Accessories,BrandC,4751.62,3736.8,In-Stock,2025-11-16
595,SKU000595,Electronics,Mobiles,BrandC,11592.57,7696.88,In-Stock,2025-02-08
596,SKU000596,Fashion,Kids,BrandF,3438.74,2315.2,In-Stock,2025-04-12
597,SKU000597,Home Goods,Bedding,BrandE,8572.0,5808.82,In-Stock,2025-01-21
598,SKU000598,Home Goods,Bedding,BrandG,21341.8,15073.08,In-Stock,2025-07-20
599,SKU000599,Electronics,Mobiles,BrandB,34032.33,22189.63,Low Stock,2025-11-19
600,SKU000600,Electronics,TV,BrandD,32689.48,20414.0,In-Stock,2025-12-02
601,SKU000601,Fashion,Footwear,BrandH,5849.89,4168.25,In-Stock,2025-08-05
602,SKU000602,Electronics,Laptops,BrandG,39451.81,29691.3,In-Stock,2025-08-19
603,SKU000603,Home Goods,Decor,BrandH,21438.52,13537.02,In-Stock,2025-08-27
604,SKU000604,Home Goods,Bedding,BrandG,19646.7,12204.74,In-Stock,2025-08-11
605,SKU000605,Electronics,Mobiles,BrandF,8725.51,5515.24,In-Stock,2025-12-26
606,SKU000606,Home Goods,Bedding,BrandF,6530.97,4823.5,In-Stock,2025-12-01
607,SKU000607,Fashion,Kids,BrandF,637.71,486.7,Out-of-Stock,2025-07-01
608,SKU000608,Electronics,Laptops,BrandH,43519.17,29448.82,In-Stock,2025-10-24
609,SKU000609,Electronics,Mobiles,BrandB,8892.61,5442.22,Low Stock,2025-10-16
610,SKU000610,Home Goods,Kitchen,BrandB,19680.94,11224.17,In-Stock,2025-12-27
611,SKU000611,Fashion,Footwear,BrandB,5045.21,3261.59,In-Stock,2025-10-06
612,SKU000612,Fashion,Kids,BrandC,4308.58,3050.43,In-Stock,2025-09-16
613,SKU000613,Fashion,Accessories,BrandA,3748.75,2336.66,In-Stock,2025-03-23
614,SKU000614,Fashion,Accessories,BrandF,5304.21,3083.69,In-Stock,2025-09-27
615,SKU000615,Fashion,Men,BrandG,4069.1,2572.14,In-Stock,2025-01-16
616,SKU000616,Fashion,Kids,BrandG,5472.25,4350.14,Low Stock,2025-08-06
617,SKU000617,Home Goods,Kitchen,BrandE,8181.32,5571.22,In-Stock,2025-07-19
618,SKU000618,Electronics,TV,BrandE,24277.72,16531.32,In-Stock,2025-04-28
619,SKU000619,Home Goods,Decor,BrandB,12122.17,7386.57,In-Stock,2025-09-01
620,SKU000620,Fashion,Accessories,BrandD,1363.42,1056.23,In-Stock,2025-05-14
621,SKU000621,Electronics,Laptops,BrandH,40497.13,29674.39,In-Stock,2025-09-16
622,SKU000622,Home Goods,Furniture,BrandB,21523.47,14198.99,In-Stock,2025-01-15
623,SKU000623,Electronics,Audio,BrandF,5067.42,3848.21,In-Stock,2025-09-06
624,SKU000624,Home Goods,Kitchen,BrandE,1013.06,765.16,In-Stock,2025-08-25
625,SKU000625,Electronics,TV,BrandD,36890.43,25160.1,In-Stock,2025-01-13
626,SKU000626,Fashion,Footwear,BrandA,5906.19,4535.32,In-Stock,2025-10-04
627,SKU000627,Fashion,Accessories,BrandE,1067.21,798.54,In-Stock,2025-01-14
628,SKU000628,Fashion,Men,BrandC,5584.05,3439.76,In-Stock,2025-10-04
629,SKU000629,Electronics,Audio,BrandE,27864.15,20427.14,In-Stock,2025-05-26
630,SKU000630,Electronics,Audio,BrandF,27039.9,17634.55,In-Stock,2025-09-02
631,SKU000631,Fashion,Men,BrandC,944.17,519.75,In-Stock,2025-07-01
632,SKU000632,Fashion,Women,BrandG,3859.81,2185.29,Low Stock,2025-06-13
633,SKU000633,Fashion,Men,BrandC,460.37,366.65,Low Stock,2025-10-20
634,SKU000634,Electronics,Mobiles,BrandB,6835.97,3919.07,Low Stock,2025-03-07
635,SKU000635,Fashion,Accessories,BrandD,2914.09,1759.53,Out-of-Stock,2025-04-25
636,SKU000636,Fashion,Footwear,BrandG,2745.49,1589.95,In-Stock,2025-05-25
637,SKU000637,Fashion,Footwear,BrandF,2076.81,1331.88,In-Stock,2025-10-13
638,SKU000638,Fashion,Women,BrandF,4959.63,3083.44,In-Stock,2025-02-14
639,SKU000639,Fashion,Kids,BrandF,5987.4,3320.52,In-Stock,2025-10-30
640,SKU000640,Fashion,Accessories,BrandB,909.16,514.11,In-Stock,2025-05-28
641,SKU000641,Fashion,Men,BrandC,3045.5,2141.87,In-Stock,2025-08-26
642,SKU000642,Home Goods,Furniture,BrandA,24045.77,17391.51,In-Stock,2025-12-04
643,SKU000643,Home Goods,Kitchen,BrandE,16606.78,9225.66,In-Stock,2025-10-10
644,SKU000644,Electronics,Accessories,BrandG,41899.18,23630.09,In-Stock,2025-10-09
645,SKU000645,Electronics,Accessories,BrandH,30023.75,17121.4,In-Stock,2025-06-14
646,SKU000646,Fashion,Footwear,BrandE,2005.6,1423.55,Low Stock,2025-09-01
647,SKU000647,Electronics,Laptops,BrandB,43029.41,29547.58,In-Stock,2025-10-26
648,SKU000648,Home Goods,Decor,BrandG,21718.5,14132.38,Out-of-Stock,2025-08-25
649,SKU000649,Fashion,Men,BrandE,2499.26,1857.18,Out-of-Stock,2025-07-30
650,SKU000650,Electronics,TV,BrandH,11006.39,8792.73,In-Stock,2025-03-05
651,SKU000651,Fashion,Accessories,BrandE,5667.71,4242.56,In-Stock,2025-06-23
652,SKU000652,Fashion,Men,BrandD,1201.97,818.32,In-Stock,2025-10-28
653,SKU000653,Fashion,Footwear,BrandA,1505.23,1067.57,Low Stock,2025-10-19
654,SKU000654,Electronics,Mobiles,BrandD,30850.11,17385.57,In-Stock,2025-10-21
655,SKU000655,Home Goods,Decor,BrandD,10895.57,6231.31,In-Stock,2025-02-18
656,SKU000656,Home Goods,Furniture,BrandE,20454.81,11918.62,In-Stock,2025-12-25
657,SKU000657,Electronics,Audio,BrandF,9431.35,6695.13,In-Stock,2025-05-07
658,SKU000658,Fashion,Men,BrandA,639.56,450.24,In-Stock,2025-10-19
659,SKU000659,Fashion,Footwear,BrandG,5857.53,4425.46,In-Stock,2025-12-24
660,SKU000660,Fashion,Women,BrandC,3232.11,1972.97,In-Stock,2025-12-27
661,SKU000661,Home Goods,Bedding,BrandD,21640.85,15974.24,Out-of-Stock,2025-04-17
662,SKU000662,Fashion,Accessories,BrandF,1021.72,662.56,In-Stock,2025-11-14
663,SKU000663,Electronics,Mobiles,BrandG,42250.07,33492.9,Low Stock,2025-12-28
664,SKU000664,Fashion,Men,BrandG,2924.99,1817.15,In-Stock,2025-06-20
665,SKU000665,Fashion,Men,BrandH,3143.92,1991.02,In-Stock,2025-04-06
666,SKU000666,Electronics,Mobiles,BrandF,24774.85,14285.97,In-Stock,2025-11-24
667,SKU000667,Fashion,Accessories,BrandG,2835.12,1949.02,Low Stock,2025-05-14
668,SKU000668,Fashion,Accessories,BrandG,1717.67,1276.14,In-Stock,2025-01-22
669,SKU000669,Electronics,Accessories,BrandE,42542.41,28346.28,Low Stock,2025-09-24
670,SKU000670,Fashion,Men,BrandG,4322.99,2498.25,In-Stock,2025-02-24
671,SKU000671,Electronics,Mobiles,BrandF,33237.71,22454.2,Out-of-Stock,2025-04-03
672,SKU000672,Fashion,Women,BrandH,4873.89,2937.07,In-Stock,2025-12-31
673,SKU000673,Fashion,Kids,BrandB,4885.54,3602.33,In-Stock,2025-11-05
674,SKU000674,Fashion,Footwear,BrandB,911.53,519.23,In-Stock,2025-09-01
675,SKU000675,Fashion,Women,BrandG,4871.06,3370.17,In-Stock,2025-10-23
676,SKU000676,Electronics,TV,BrandG,8392.94,4809.9,In-Stock,2025-07-29
677,SKU000677,Electronics,TV,BrandB,32504.63,25103.67,In-Stock,2025-08-04
678,SKU000678,Home Goods,Bedding,BrandE,3870.55,2400.9,In-Stock,2025-07-27
679,SKU000679,Fashion,Kids,BrandD,5348.35,3107.67,Low Stock,2025-02-15
680,SKU000680,Fashion,Kids,BrandC,5219.77,3815.09,In-Stock,2025-07-08
681,SKU000681,Electronics,Mobiles,BrandB,40859.68,32126.86,In-Stock,2025-09-09
682,SKU000682,Electronics,TV,BrandD,43380.19,31437.98,In-Stock,2025-08-26
683,SKU000683,Home Goods,Decor,BrandF,14655.91,8451.18,In-Stock,2025-11-01
684,SKU000684,Home Goods,Furniture,BrandD,2035.52,1511.05,In-Stock,2025-11-11
685,SKU000685,Home Goods,Kitchen,BrandC,8421.84,5100.38,In-Stock,2025-12-14
686,SKU000686,Fashion,Kids,BrandD,2242.64,1621.97,In-Stock,2025-08-23
687,SKU000687,Fashion,Women,BrandC,2700.24,1492.94,In-Stock,2025-06-22
688,SKU000688,Home Goods,Kitchen,BrandC,5436.23,3944.54,Low Stock,2025-10-28
689,SKU000689,Fashion,Footwear,BrandH,2418.75,1910.97,In-Stock,2025-04-01
690,SKU000690,Fashion,Accessories,BrandH,3711.36,2095.87,In-Stock,2025-04-26
691,SKU000691,Home Goods,Appliances,BrandF,1993.56,1173.1,In-Stock,2025-10-15
692,SKU000692,Fashion,Kids,BrandC,511.4,307.18,In-Stock,2025-04-19
693,SKU000693,Fashion,Footwear,BrandB,2645.59,1555.63,In-Stock,2025-07-07
694,SKU000694,Fashion,Footwear,BrandH,4988.97,3264.21,In-Stock,2025-04-25
695,SKU000695,Fashion,Kids,BrandE,3600.25,2226.22,In-Stock,2025-11-07
696,SKU000696,Fashion,Accessories,BrandA,4762.98,3261.68,Low Stock,2025-03-31
697,SKU000697,Fashion,Kids,BrandB,4493.44,3178.55,In-Stock,2025-04-08
698,SKU000698,Home Goods,Decor,BrandH,17426.44,12038.24,In-Stock,2025-11-11
699,SKU000699,Fashion,Footwear,BrandA,5901.86,3803.06,In-Stock,2025-01-05
700,SKU000700,Electronics,Mobiles,BrandF,4957.14,3643.14,In-Stock,2025-09-18
701,SKU000701,Home Goods,Decor,BrandB,5573.81,3537.32,In-Stock,2025-05-23
702,SKU000702,Home Goods,Kitchen,BrandG,806.12,594.72,In-Stock,2025-02-05
703,SKU000703,Electronics,Accessories,BrandA,22758.74,13529.93,In-Stock,2025-11-03
704,SKU000704,Electronics,Accessories,BrandD,32138.12,24830.05,In-Stock,2025-12-01
705,SKU000705,Home Goods,Decor,BrandH,16633.39,12479.56,In-Stock,2025-07-20
706,SKU000706,Electronics,TV,BrandC,22756.26,13770.04,In-Stock,2025-12-25
707,SKU000707,Fashion,Men,BrandH,4360.26,2975.3,In-Stock,2025-07-05
708,SKU000708,Fashion,Men,BrandF,4603.31,2986.09,In-Stock,2025-10-05
709,SKU000709,Home Goods,Kitchen,BrandC,8683.96,5712.37,Low Stock,2025-06-17
710,SKU000710,Electronics,Mobiles,BrandD,29397.74,21089.37,Low Stock,2025-03-08
711,SKU000711,Electronics,Accessories,BrandH,27344.46,16563.24,In-Stock,2025-10-08
712,SKU000712,Electronics,TV,BrandC,6733.06,5048.74,In-Stock,2025-12-16
713,SKU000713,Electronics,Audio,BrandF,35513.05,20620.67,In-Stock,2025-05-21
714,SKU000714,Electronics,Audio,BrandG,1947.9,1327.01,In-Stock,2025-03-07
715,SKU000715,Electronics,Accessories,BrandF,12270.17,9017.06,In-Stock,2025-04-09
716,SKU000716,Home Goods,Appliances,BrandA,8204.3,5604.89,In-Stock,2025-08-05
717,SKU000717,Electronics,Audio,BrandB,5677.78,4304.36,In-Stock,2025-05-25
718,SKU000718,Electronics,Audio,BrandB,38632.28,28370.09,In-Stock,2025-04-05
719,SKU000719,Fashion,Accessories,BrandG,1928.34,1501.51,In-Stock,2025-08-04
720,SKU000720,Fashion,Kids,BrandE,1209.44,965.05,In-Stock,2025-10-11
721,SKU000721,Fashion,Accessories,BrandC,1514.12,1088.36,In-Stock,2025-10-26
722,SKU000722,Fashion,Kids,BrandB,1239.86,879.88,Out-of-Stock,2025-08-28
723,SKU000723,Electronics,TV,BrandC,12418.53,9129.78,In-Stock,2025-03-16
724,SKU000724,Fashion,Kids,BrandE,794.07,489.28,In-Stock,2025-03-27
725,SKU000725,Fashion,Footwear,BrandC,2759.08,1524.08,In-Stock,2025-12-21
726,SKU000726,Home Goods,Appliances,BrandB,22601.5,16641.15,In-Stock,2025-10-31
727,SKU000727,Fashion,Kids,BrandG,2524.34,1553.65,In-Stock,2025-07-29
728,SKU000728,Electronics,Audio,BrandC,15391.53,12120.77,In-Stock,2025-11-23
729,SKU000729,Fashion,Accessories,BrandB,4091.39,3211.64,Low Stock,2025-04-07
730,SKU000730,Home Goods,Bedding,BrandF,3147.64,2312.45,Low Stock,2025-03-24
731,SKU000731,Electronics,Mobiles,BrandF,8033.74,4985.54,Low Stock,2025-05-04
732,SKU000732,Electronics,Audio,BrandC,29700.57,23747.62,In-Stock,2025-01-10
733,SKU000733,Electronics,Laptops,BrandF,3625.59,2144.59,Out-of-Stock,2025-12-26
734,SKU000734,Fashion,Footwear,BrandD,1540.96,926.28,In-Stock,2025-09-06
735,SKU000735,Fashion,Women,BrandC,5403.08,3741.25,Low Stock,2025-08-20
736,SKU000736,Electronics,Laptops,BrandB,35098.18,24957.74,In-Stock,2025-03-19
737,SKU000737,Fashion,Kids,BrandB,3019.8,2176.78,In-Stock,2025-02-21
738,SKU000738,Electronics,TV,BrandA,38272.5,25246.44,In-Stock,2025-02-02
739,SKU000739,Home Goods,Decor,BrandC,11894.38,9324.68,In-Stock,2025-09-26
740,SKU000740,Fashion,Accessories,BrandG,5431.0,4239.32,In-Stock,2025-08-10
741,SKU000741,Electronics,Laptops,BrandC,27461.72,15762.21,In-Stock,2025-01-06
742,SKU000742,Electronics,Laptops,BrandC,28057.16,17458.66,In-Stock,2025-02-18
743,SKU000743,Electronics,Accessories,BrandA,35019.73,26838.52,In-Stock,2025-08-27
744,SKU000744,Home Goods,Bedding,BrandF,972.16,690.06,Out-of-Stock,2025-06-13
745,SKU000745,Fashion,Women,BrandH,2024.05,1411.56,In-Stock,2025-12-02
746,SKU000746,Electronics,TV,BrandE,30961.56,20266.95,In-Stock,2025-02-08
747,SKU000747,Electronics,Accessories,BrandD,35469.49,28033.35,In-Stock,2025-07-29
748,SKU000748,Home Goods,Appliances,BrandD,19490.53,11407.02,Out-of-Stock,2025-12-17
749,SKU000749,Home Goods,Decor,BrandH,16457.83,12696.52,In-Stock,2025-03-18
750,SKU000750,Electronics,Laptops,BrandF,37757.79,24363.82,In-Stock,2025-01-07
751,SKU000751,Fashion,Accessories,BrandH,1230.74,808.42,Out-of-Stock,2025-08-20
752,SKU000752,Fashion,Footwear,BrandE,1701.95,1295.7,Out-of-Stock,2025-08-16
753,SKU000753,Fashion,Footwear,BrandG,3772.03,2770.26,In-Stock,2025-06-14
754,SKU000754,Fashion,Women,BrandD,2147.55,1514.01,In-Stock,2025-12-25
755,SKU000755,Electronics,TV,BrandC,42069.44,25422.24,Low Stock,2025-08-11
756,SKU000756,Electronics,Audio,BrandA,5918.12,3673.02,In-Stock,2025-05-17
757,SKU000757,Electronics,Accessories,BrandF,16659.98,11246.63,In-Stock,2025-02-23
758,SKU000758,Electronics,TV,BrandB,3363.37,2249.93,Low Stock,2025-01-24
759,SKU000759,Fashion,Accessories,BrandB,359.54,271.56,In-Stock,2025-10-19
760,SKU000760,Home Goods,Decor,BrandB,3483.83,2396.3,In-Stock,2025-09-15
761,SKU000761,Fashion,Women,BrandE,5768.9,3303.87,In-Stock,2025-06-12
762,SKU000762,Fashion,Footwear,BrandC,1885.42,1331.23,Low Stock,2025-02-20
763,SKU000763,Fashion,Footwear,BrandB,2872.95,2039.82,In-Stock,2025-12-02
764,SKU000764,Electronics,Laptops,BrandH,33914.18,23746.98,In-Stock,2025-04-29
765,SKU000765,Electronics,Audio,BrandA,15964.07,10025.59,In-Stock,2025-03-02
766,SKU000766,Fashion,Footwear,BrandA,4986.58,2919.07,In-Stock,2025-08-11
767,SKU000767,Electronics,Accessories,BrandF,34035.56,20068.9,Out-of-Stock,2025-04-30
768,SKU000768,Fashion,Women,BrandG,2148.02,1323.87,In-Stock,2025-12-30
769,SKU000769,Fashion,Men,BrandF,3122.85,2446.68,In-Stock,2025-05-14
770,SKU000770,Fashion,Women,BrandA,5334.92,3666.82,In-Stock,2025-07-18
771,SKU000771,Fashion,Kids,BrandB,2049.76,1356.94,In-Stock,2025-01-29
772,SKU000772,Electronics,Audio,BrandC,13326.19,8100.76,In-Stock,2025-01-25
773,SKU000773,Electronics,Laptops,BrandA,37001.26,22076.67,In-Stock,2025-01-30
774,SKU000774,Fashion,Kids,BrandH,5753.29,4334.42,In-Stock,2025-07-15
775,SKU000775,Home Goods,Furniture,BrandH,19598.04,14916.9,In-Stock,2025-12-01
776,SKU000776,Electronics,Accessories,BrandA,14905.94,8512.76,In-Stock,2025-08-30
777,SKU000777,Fashion,Men,BrandA,1263.09,805.31,In-Stock,2025-07-14
778,SKU000778,Fashion,Kids,BrandD,4368.87,3424.18,In-Stock,2025-01-08
779,SKU000779,Fashion,Women,BrandG,901.8,671.15,In-Stock,2025-11-05
780,SKU000780,Fashion,Men,BrandE,4480.2,2527.61,In-Stock,2025-07-17
781,SKU000781,Fashion,Women,BrandE,2814.54,1700.36,In-Stock,2025-10-14
782,SKU000782,Home Goods,Kitchen,BrandA,2388.98,1369.81,In-Stock,2025-02-06
783,SKU000783,Home Goods,Furniture,BrandG,2918.65,1930.66,In-Stock,2025-05-10
784,SKU000784,Electronics,TV,BrandH,34304.79,23175.04,In-Stock,2025-10-23
785,SKU000785,Fashion,Men,BrandB,2766.79,1817.91,In-Stock,2025-04-02
786,SKU000786,Fashion,Footwear,BrandA,4552.48,2611.91,Out-of-Stock,2025-02-19
787,SKU000787,Electronics,TV,BrandD,31207.76,22866.46,In-Stock,2025-09-27
788,SKU000788,Electronics,Laptops,BrandE,28051.34,19548.39,In-Stock,2025-06-13
789,SKU000789,Electronics,Accessories,BrandA,7613.4,5702.32,Out-of-Stock,2025-04-02
790,SKU000790,Electronics,TV,BrandF,39038.93,24137.27,Low Stock,2025-12-24
791,SKU000791,Electronics,Laptops,BrandG,36091.88,25904.01,In-Stock,2025-12-13
792,SKU000792,Electronics,Laptops,BrandB,2320.73,1396.98,In-Stock,2025-01-10
793,SKU000793,Fashion,Accessories,BrandF,4733.91,2818.51,In-Stock,2025-08-16
794,SKU000794,Home Goods,Kitchen,BrandA,19111.5,12140.26,In-Stock,2025-12-05
795,SKU000795,Electronics,Accessories,BrandH,37251.8,22318.12,In-Stock,2025-08-10
796,SKU000796,Electronics,Mobiles,BrandG,20620.67,12513.24,In-Stock,2025-06-18
797,SKU000797,Electronics,Audio,BrandE,41459.8,25983.77,In-Stock,2025-09-30
798,SKU000798,Fashion,Men,BrandF,2141.07,1507.09,In-Stock,2025-09-16
799,SKU000799,Electronics,Mobiles,BrandF,35889.79,22319.51,In-Stock,2025-07-01
800,SKU000800,Fashion,Women,BrandB,5776.25,3583.14,In-Stock,2025-12-21
801,SKU000801,Electronics,TV,BrandF,36182.16,24830.89,In-Stock,2025-03-10
802,SKU000802,Electronics,Laptops,BrandA,33961.44,26623.46,In-Stock,2025-06-11
803,SKU000803,Electronics,Audio,BrandF,39090.13,24354.26,In-Stock,2025-11-11
804,SKU000804,Fashion,Women,BrandH,1853.97,1198.89,In-Stock,2025-03-09
805,SKU000805,Electronics,Accessories,BrandC,5246.9,4122.8,Low Stock,2025-03-31
806,SKU000806,Fashion,Women,BrandB,3235.89,2333.21,Low Stock,2025-08-30
807,SKU000807,Fashion,Footwear,BrandA,5754.1,3270.12,In-Stock,2025-01-25
808,SKU000808,Home Goods,Decor,BrandD,1187.19,685.57,Low Stock,2025-09-03
809,SKU000809,Electronics,Mobiles,BrandD,32979.83,20469.65,In-Stock,2025-07-23
810,SKU000810,Electronics,Mobiles,BrandF,17723.83,13933.64,In-Stock,2025-05-08
811,SKU000811,Fashion,Kids,BrandG,4385.92,3473.18,In-Stock,2025-08-28
812,SKU000812,Electronics,TV,BrandH,41254.62,32895.68,In-Stock,2025-03-27
813,SKU000813,Electronics,Audio,BrandA,15137.64,10610.98,In-Stock,2025-11-28
814,SKU000814,Fashion,Women,BrandE,4219.05,2820.69,In-Stock,2025-04-27
815,SKU000815,Home Goods,Decor,BrandA,12267.81,9171.96,In-Stock,2025-10-09
816,SKU000816,Electronics,Audio,BrandE,32050.81,20659.5,In-Stock,2025-07-30
817,SKU000817,Fashion,Men,BrandF,3982.93,2255.53,In-Stock,2025-07-27
818,SKU000818,Fashion,Footwear,BrandG,2879.53,2048.14,In-Stock,2025-08-01
819,SKU000819,Electronics,Accessories,BrandG,20286.39,12995.89,In-Stock,2025-01-12
820,SKU000820,Electronics,Audio,BrandC,31663.84,17947.31,In-Stock,2025-11-13
821,SKU000821,Electronics,Accessories,BrandH,11026.99,8049.79,In-Stock,2025-10-02
822,SKU000822,Fashion,Kids,BrandE,4156.27,2679.79,In-Stock,2025-11-23
823,SKU000823,Fashion,Men,BrandG,1145.45,776.62,In-Stock,2025-04-01
824,SKU000824,Electronics,Mobiles,BrandG,2476.59,1492.94,In-Stock,2025-02-22
825,SKU000825,Home Goods,Appliances,BrandC,16550.72,12854.35,In-Stock,2025-10-06
826,SKU000826,Electronics,TV,BrandE,23811.31,18320.11,In-Stock,2025-09-22
827,SKU000827,Fashion,Kids,BrandB,4986.56,3903.35,In-Stock,2025-11-27
828,SKU000828,Electronics,Mobiles,BrandF,16253.41,9753.45,Low Stock,2025-12-06
829,SKU000829,Home Goods,Decor,BrandE,3329.78,2128.96,Low Stock,2025-05-17
830,SKU000830,Electronics,Accessories,BrandG,1513.04,1009.68,Out-of-Stock,2025-07-09
831,SKU000831,Electronics,Laptops,BrandH,22015.05,15268.72,In-Stock,2025-09-10
832,SKU000832,Home Goods,Decor,BrandH,16994.24,11594.39,In-Stock,2025-01-22
833,SKU000833,Home Goods,Kitchen,BrandF,4497.39,2523.57,In-Stock,2025-10-13
834,SKU000834,Fashion,Accessories,BrandG,2796.98,1974.93,Low Stock,2025-05-29
835,SKU000835,Fashion,Kids,BrandA,790.29,562.14,In-Stock,2025-11-26
836,SKU000836,Electronics,Mobiles,BrandG,16177.14,10168.44,In-Stock,2025-01-17
837,SKU000837,Home Goods,Decor,BrandC,14805.21,11260.42,In-Stock,2025-08-01
838,SKU000838,Electronics,Mobiles,BrandC,34265.89,27125.37,In-Stock,2025-02-10
839,SKU000839,Fashion,Accessories,BrandH,1874.31,1148.29,In-Stock,2025-12-30
840,SKU000840,Electronics,Mobiles,BrandC,32663.23,19011.23,Low Stock,2025-11-29
841,SKU000841,Fashion,Men,BrandD,2525.17,1500.77,In-Stock,2025-09-27
842,SKU000842,Electronics,Audio,BrandF,16862.19,12107.47,Low Stock,2025-06-23
843,SKU000843,Fashion,Footwear,BrandA,3746.35,2671.54,Low Stock,2025-07-08
844,SKU000844,Home Goods,Appliances,BrandC,9634.81,6409.7,In-Stock,2025-11-10
845,SKU000845,Electronics,Accessories,BrandF,23819.38,19025.66,Low Stock,2025-07-08
846,SKU000846,Electronics,Audio,BrandH,25363.39,18082.67,Out-of-Stock,2025-07-14
847,SKU000847,Fashion,Men,BrandC,1573.23,1218.83,In-Stock,2025-01-02
848,SKU000848,Electronics,TV,BrandF,17338.12,13193.73,In-Stock,2025-06-05
849,SKU000849,Home Goods,Bedding,BrandF,17420.39,12995.23,In-Stock,2025-06-04
850,SKU000850,Electronics,Audio,BrandD,34483.05,23203.84,In-Stock,2025-04-02
851,SKU000851,Fashion,Men,BrandA,4687.89,3276.52,In-Stock,2025-09-18
852,SKU000852,Electronics,Laptops,BrandH,14017.14,10935.67,In-Stock,2025-09-25
853,SKU000853,Home Goods,Appliances,BrandG,4025.05,3019.56,Low Stock,2025-04-18
854,SKU000854,Fashion,Accessories,BrandB,5787.42,4236.46,In-Stock,2025-12-26
855,SKU000855,Home Goods,Decor,BrandE,3141.1,2039.33,Out-of-Stock,2025-10-29
856,SKU000856,Fashion,Footwear,BrandD,5959.18,4608.01,In-Stock,2025-02-16
857,SKU000857,Fashion,Accessories,BrandE,392.19,249.89,In-Stock,2025-04-11
858,SKU000858,Fashion,Footwear,BrandD,3907.86,3015.07,In-Stock,2025-05-21
859,SKU000859,Home Goods,Kitchen,BrandC,15713.86,10067.21,In-Stock,2025-07-05
860,SKU000860,Electronics,Mobiles,BrandH,44693.64,32344.13,In-Stock,2025-01-10
861,SKU000861,Home Goods,Furniture,BrandH,19755.6,13365.05,In-Stock,2025-11-16
862,SKU000862,Electronics,Mobiles,BrandF,32681.4,21070.98,In-Stock,2025-12-27
863,SKU000863,Home Goods,Decor,BrandB,12942.84,8142.66,In-Stock,2025-04-25
864,SKU000864,Electronics,TV,BrandE,18180.27,13096.72,In-Stock,2025-04-28
865,SKU000865,Fashion,Kids,BrandC,4218.66,2473.5,In-Stock,2025-01-31
866,SKU000866,Electronics,Laptops,BrandF,41730.42,31543.54,Low Stock,2025-06-20
867,SKU000867,Fashion,Accessories,BrandD,763.04,509.19,In-Stock,2025-02-12
868,SKU000868,Home Goods,Kitchen,BrandD,6445.09,4298.58,In-Stock,2025-12-10
869,SKU000869,Fashion,Women,BrandD,3198.38,2155.85,In-Stock,2025-10-19
870,SKU000870,Electronics,Accessories,BrandA,16460.33,11136.26,In-Stock,2025-12-22
871,SKU000871,Fashion,Kids,BrandF,5821.35,3897.8,In-Stock,2025-05-27
872,SKU000872,Fashion,Footwear,BrandC,1630.81,1027.93,Low Stock,2025-03-12
873,SKU000873,Electronics,TV,BrandB,31915.66,24477.11,In-Stock,2025-10-28
874,SKU000874,Electronics,Mobiles,BrandE,34198.85,20561.9,In-Stock,2025-05-02
875,SKU000875,Electronics,Accessories,BrandH,13682.16,7542.0,In-Stock,2025-07-27
876,SKU000876,Fashion,Accessories,BrandG,5989.21,3295.9,In-Stock,2025-06-16
877,SKU000877,Electronics,Accessories,BrandB,3045.61,2045.76,In-Stock,2025-11-29
878,SKU000878,Fashion,Women,BrandF,2391.31,1551.17,Low Stock,2025-08-16
879,SKU000879,Electronics,Mobiles,BrandH,22636.27,15969.78,In-Stock,2025-12-12
880,SKU000880,Home Goods,Bedding,BrandF,4570.15,3116.22,In-Stock,2025-10-11
881,SKU000881,Electronics,Laptops,BrandC,11521.7,8590.13,In-Stock,2025-02-13
882,SKU000882,Home Goods,Furniture,BrandG,8988.63,6202.45,In-Stock,2025-04-06
883,SKU000883,Home Goods,Appliances,BrandA,8966.34,6851.32,In-Stock,2025-03-02
884,SKU000884,Fashion,Men,BrandC,636.28,351.52,In-Stock,2025-07-05
885,SKU000885,Home Goods,Decor,BrandC,22612.18,17261.2,Low Stock,2025-12-05
886,SKU000886,Fashion,Women,BrandF,2640.11,2081.99,In-Stock,2025-05-19
887,SKU000887,Electronics,Laptops,BrandF,32315.47,24347.98,In-Stock,2025-10-08
888,SKU000888,Home Goods,Appliances,BrandE,8773.85,5860.94,Low Stock,2025-04-23
889,SKU000889,Electronics,Mobiles,BrandE,38497.9,29347.95,In-Stock,2025-04-09
890,SKU000890,Home Goods,Furniture,BrandE,4928.59,2728.79,Low Stock,2025-11-18
891,SKU000891,Home Goods,Furniture,BrandE,11809.85,8568.8,In-Stock,2025-01-30
892,SKU000892,Home Goods,Appliances,BrandB,4264.41,2708.7,Low Stock,2025-04-04
893,SKU000893,Electronics,TV,BrandC,40221.1,30633.91,In-Stock,2025-12-31
894,SKU000894,Home Goods,Appliances,BrandC,3930.3,2828.21,In-Stock,2025-07-31
895,SKU000895,Fashion,Women,BrandF,5864.19,4232.94,In-Stock,2025-10-18
896,SKU000896,Electronics,TV,BrandA,38517.99,22420.68,In-Stock,2025-09-14
897,SKU000897,Fashion,Men,BrandB,3930.6,2844.3,In-Stock,2025-05-07
898,SKU000898,Electronics,Mobiles,BrandE,43399.82,30995.5,Low Stock,2025-06-26
899,SKU000899,Fashion,Women,BrandG,2569.77,1882.17,In-Stock,2025-12-31
900,SKU000900,Electronics,TV,BrandA,28906.45,19678.91,In-Stock,2025-09-10
901,SKU000901,Fashion,Footwear,BrandE,879.19,505.23,Out-of-Stock,2025-06-02
902,SKU000902,Electronics,Audio,BrandH,42676.51,27106.99,Out-of-Stock,2025-03-08
903,SKU000903,Fashion,Women,BrandG,2085.02,1244.99,In-Stock,2025-02-11
904,SKU000904,Fashion,Kids,BrandH,1707.2,1212.72,In-Stock,2025-09-24
905,SKU000905,Home Goods,Kitchen,BrandA,10474.21,7427.16,In-Stock,2025-11-03
906,SKU000906,Electronics,Laptops,BrandH,38205.57,26471.82,In-Stock,2025-07-02
907,SKU000907,Fashion,Footwear,BrandH,2608.34,1590.96,In-Stock,2025-09-18
908,SKU000908,Fashion,Footwear,BrandD,2840.83,1939.12,In-Stock,2025-05-20
909,SKU000909,Electronics,Audio,BrandC,42106.61,25892.44,In-Stock,2025-08-10
910,SKU000910,Fashion,Kids,BrandF,983.18,698.14,Low Stock,2025-06-15
911,SKU000911,Fashion,Kids,BrandG,639.51,373.65,In-Stock,2025-03-04
912,SKU000912,Electronics,Laptops,BrandF,40764.63,30364.43,In-Stock,2025-04-08
913,SKU000913,Fashion,Accessories,BrandB,1995.18,1279.62,Low Stock,2025-02-01
914,SKU000914,Fashion,Kids,BrandD,4451.79,2718.0,In-Stock,2025-12-03
915,SKU000915,Electronics,Accessories,BrandB,13301.39,8323.32,In-Stock,2025-01-01
916,SKU000916,Home Goods,Decor,BrandH,21398.21,13583.88,Out-of-Stock,2025-05-15
917,SKU000917,Home Goods,Furniture,BrandC,2450.08,1908.97,In-Stock,2025-05-05
918,SKU000918,Fashion,Men,BrandA,5957.01,3444.71,Low Stock,2025-06-09
919,SKU000919,Electronics,Audio,BrandG,44151.48,26989.73,In-Stock,2025-12-11
920,SKU000920,Fashion,Accessories,BrandG,3860.13,2505.77,In-Stock,2025-03-06
921,SKU000921,Electronics,Laptops,BrandC,37827.62,23345.76,In-Stock,2025-03-22
922,SKU000922,Home Goods,Decor,BrandF,6098.36,3868.07,In-Stock,2025-03-25
923,SKU000923,Home Goods,Furniture,BrandC,948.53,715.2,In-Stock,2025-08-27
924,SKU000924,Fashion,Footwear,BrandH,1614.35,1240.75,In-Stock,2025-09-27
925,SKU000925,Home Goods,Bedding,BrandE,15006.96,8818.49,In-Stock,2025-09-07
926,SKU000926,Fashion,Footwear,BrandA,5579.73,3326.48,In-Stock,2025-06-18
927,SKU000927,Fashion,Men,BrandG,307.32,207.12,In-Stock,2025-12-16
928,SKU000928,Fashion,Accessories,BrandH,819.73,582.04,In-Stock,2025-04-24
929,SKU000929,Fashion,Women,BrandD,3145.64,1876.45,In-Stock,2025-06-24
930,SKU000930,Electronics,TV,BrandF,19255.46,13783.74,In-Stock,2025-10-08
931,SKU000931,Fashion,Men,BrandA,4134.56,2320.24,In-Stock,2025-11-27
932,SKU000932,Fashion,Kids,BrandH,1614.66,893.66,In-Stock,2025-05-19
933,SKU000933,Fashion,Accessories,BrandH,2878.56,2135.41,In-Stock,2025-11-17
934,SKU000934,Fashion,Kids,BrandA,4252.89,3165.2,In-Stock,2025-07-23
935,SKU000935,Fashion,Men,BrandG,4087.58,2831.99,Out-of-Stock,2025-06-08
936,SKU000936,Electronics,Laptops,BrandE,27423.83,19981.03,In-Stock,2025-10-11
937,SKU000937,Home Goods,Decor,BrandG,23395.1,13390.69,Low Stock,2025-05-01
938,SKU000938,Electronics,Audio,BrandA,43185.56,29721.09,In-Stock,2025-08-09
939,SKU000939,Fashion,Footwear,BrandA,3594.16,2499.27,In-Stock,2025-07-14
940,SKU000940,Fashion,Accessories,BrandD,5565.4,3127.11,In-Stock,2025-08-04
941,SKU000941,Electronics,Audio,BrandE,24135.32,13290.65,In-Stock,2025-10-06
942,SKU000942,Fashion,Men,BrandG,3338.87,2100.05,In-Stock,2025-08-06
943,SKU000943,Fashion,Accessories,BrandH,4771.41,2958.61,In-Stock,2025-06-07
944,SKU000944,Fashion,Accessories,BrandE,1608.2,998.26,In-Stock,2025-09-11
945,SKU000945,Electronics,TV,BrandB,33339.38,20128.29,In-Stock,2025-10-07
946,SKU000946,Electronics,Laptops,BrandB,36542.11,20488.75,Out-of-Stock,2025-07-10
947,SKU000947,Electronics,Accessories,BrandF,2303.38,1652.88,In-Stock,2025-01-16
948,SKU000948,Home Goods,Decor,BrandF,9159.7,7065.36,In-Stock,2025-10-07
949,SKU000949,Fashion,Women,BrandD,505.5,295.18,In-Stock,2025-11-27
950,SKU000950,Fashion,Accessories,BrandG,3847.94,2447.11,Low Stock,2025-01-26
951,SKU000951,Fashion,Accessories,BrandA,4031.65,2391.43,In-Stock,2025-09-24
952,SKU000952,Fashion,Men,BrandA,746.26,553.23,In-Stock,2025-08-14
953,SKU000953,Fashion,Women,BrandF,2972.08,1715.63,In-Stock,2025-10-06
954,SKU000954,Home Goods,Bedding,BrandH,1632.01,1099.93,In-Stock,2025-06-07
955,SKU000955,Fashion,Women,BrandC,1210.53,950.54,Low Stock,2025-08-13
956,SKU000956,Electronics,Audio,BrandF,25848.71,15765.35,Out-of-Stock,2025-04-29
957,SKU000957,Home Goods,Furniture,BrandG,12740.48,7511.66,Out-of-Stock,2025-12-24
958,SKU000958,Fashion,Accessories,BrandE,5847.15,4285.55,In-Stock,2025-08-25
959,SKU000959,Fashion,Accessories,BrandF,1169.19,880.71,In-Stock,2025-07-29
960,SKU000960,Electronics,TV,BrandH,17108.24,13286.31,In-Stock,2025-12-02
961,SKU000961,Fashion,Accessories,BrandE,5657.55,4317.75,In-Stock,2025-11-24
962,SKU000962,Fashion,Footwear,BrandA,4239.13,2483.88,In-Stock,2025-02-09
963,SKU000963,Electronics,Audio,BrandF,14264.57,9765.01,In-Stock,2025-12-03
964,SKU000964,Home Goods,Kitchen,BrandG,1615.94,1232.26,Low Stock,2025-04-02
965,SKU000965,Electronics,TV,BrandE,2812.84,1823.29,In-Stock,2025-11-11
966,SKU000966,Fashion,Men,BrandH,1296.31,911.74,Out-of-Stock,2025-11-09
967,SKU000967,Fashion,Kids,BrandD,2676.06,1718.45,In-Stock,2025-09-07
968,SKU000968,Fashion,Men,BrandH,1682.85,1082.74,Low Stock,2025-06-07
969,SKU000969,Fashion,Women,BrandG,815.23,576.92,In-Stock,2025-06-13
970,SKU000970,Fashion,Women,BrandD,2840.62,2229.27,In-Stock,2025-08-01
971,SKU000971,Electronics,Mobiles,BrandB,10690.46,8488.29,In-Stock,2025-03-30
972,SKU000972,Home Goods,Furniture,BrandA,6997.53,5335.26,In-Stock,2025-06-24
973,SKU000973,Home Goods,Bedding,BrandF,19276.9,14244.79,In-Stock,2025-06-12
974,SKU000974,Electronics,Accessories,BrandC,3328.88,2102.86,In-Stock,2025-08-18
975,SKU000975,Home Goods,Bedding,BrandD,17607.76,11191.15,Low Stock,2025-06-18
976,SKU000976,Electronics,Accessories,BrandH,42967.62,29780.02,In-Stock,2025-08-17
977,SKU000977,Fashion,Men,BrandC,1085.3,736.83,Low Stock,2025-09-29
978,SKU000978,Fashion,Accessories,BrandD,5652.47,3988.38,In-Stock,2025-06-26
979,SKU000979,Electronics,TV,BrandF,7199.27,5160.42,In-Stock,2025-07-28
980,SKU000980,Electronics,Accessories,BrandG,33015.93,18854.8,In-Stock,2025-10-23
981,SKU000981,Home Goods,Decor,BrandC,13451.14,9212.34,In-Stock,2025-11-23
982,SKU000982,Electronics,Accessories,BrandF,39392.46,27581.53,In-Stock,2025-02-26
983,SKU000983,Electronics,TV,BrandF,12430.49,8334.66,In-Stock,2025-11-30
984,SKU000984,Fashion,Kids,BrandH,4891.52,3832.11,In-Stock,2025-04-24
985,SKU000985,Electronics,Laptops,BrandD,18331.9,12679.39,In-Stock,2025-11-11
986,SKU000986,Electronics,Audio,BrandE,37563.24,24720.37,In-Stock,2025-08-18
987,SKU000987,Home Goods,Furniture,BrandE,21133.37,14941.6,In-Stock,2025-08-11
988,SKU000988,Fashion,Kids,BrandD,5306.27,4065.09,Low Stock,2025-11-03
989,SKU000989,Home Goods,Bedding,BrandF,24698.12,16644.66,In-Stock,2025-09-04
990,SKU000990,Fashion,Footwear,BrandF,4948.3,2905.8,In-Stock,2025-02-25
991,SKU000991,Electronics,TV,BrandE,36016.18,20722.7,Low Stock,2025-01-26
992,SKU000992,Electronics,Audio,BrandB,23219.21,17743.02,In-Stock,2025-02-01
993,SKU000993,Electronics,TV,BrandG,1976.73,1472.88,In-Stock,2025-07-29
994,SKU000994,Home Goods,Bedding,BrandF,22232.33,17661.7,In-Stock,2025-01-03
995,SKU000995,Electronics,Laptops,BrandE,42129.72,32382.02,In-Stock,2025-04-19
996,SKU000996,Home Goods,Kitchen,BrandE,16379.1,11117.32,Out-of-Stock,2025-02-13
997,SKU000997,Electronics,Mobiles,BrandF,21733.94,13034.74,Low Stock,2025-07-19
998,SKU000998,Electronics,Accessories,BrandE,22206.26,17393.65,In-Stock,2025-10-22
999,SKU000999,Electronics,Accessories,BrandD,21211.54,12546.63,In-Stock,2025-09-23
1000,SKU001000,Electronics,Laptops,BrandE,9775.12,5472.22,In-Stock,2025-10-12
